icao_airl_code,perf_type,deviation_code,mel_dx_remark,mel_ofp_remark,p_tow,p_enrte_wt,p_lw,p_tcap,unit_weight,p_perf_corr,p_altitude,unit_vertical,p_speed_knots,p_speed_mach,unit_speed,p_etops_circles,unit_etops_circles,p_etops_critfuel_dc,p_etops_critfuel_dx,item_10a,item10_b,item18_rnav,item18_rnp,tcas,fms,landing_ep,ats_service_type,other_eq,auto_land_down,ils_down,aos_action,gls_down,rnp_precision_down,aime,eff_from,eff_till,action
HVN,87967,21-31-01B,"FLIGHT IS CONDUCTED UNPRESSURIZED. *LIMIT ENROUTE ALTITUDE TO 10,000 FEET*",AUTOMATIC CABIN PRESSURE CONTROL CHANNELS. ,0,0,0,0,KG,0,100,FF,0,0,KT,0,MN,0,0,,,,,,,,,,,,w,,,,,,INSERT
HVN,87967,21-32-02,"FLIGHT IS CONDUCTED UNPRESSURIZED. *LIMIT ENROUTE ALTITUDE TO 10,000 FEET*",NEGATIVE PRESSURE RELIEF VALVE. ,0,0,0,0,KG,0,100,FF,0,0,KT,0,MN,0,0,,,,,,,,,,,,w,,,,,,INSERT
HVN,87967,21-52-01-01-01X1,*FOR ASSOCIATED PCU INOPERATIVE REDUCE ENROUTE CLIMB LIMIT WEIGHT BY 800 LB (363 KG)*EDTO IS NOT CONDUCTED.*,AIR CONDITIONING PACKS / AIRPLANES WITHOUT OFCR AND OFAR INSTALLED / 787-9. ,0,363,0,0,KG,0,0,FF,0,0,KT,60,MN,0,0,,,,,,,,,,,,w,,,,,,INSERT
HVN,87967,21-52-01-01-01X2,*EDTO IS NOT CONDUCTED.*,AIR CONDITIONING PACKS / AIRPLANES WITHOUT OFCR AND OFAR INSTALLED / 787-9. ,0,0,0,0,KG,0,0,FF,0,0,KT,60,MN,0,0,,,,,,,,,,,,w,,,,,,INSERT
HVN,87967,21-52-07,*EDTO IS NOT CONDUCTED.*,PACK OUTLET TEMPERATURE SENSOR SYSTEMS. ,0,0,0,0,KG,0,0,FF,0,0,KT,60,MN,0,0,,,,,,,,,,,,w,,,,,,INSERT
HVN,87967,21-52-10,*REDUCE ENROUTE CLIMB LIMIT WEIGHT BY 100 LB (45 KG)*,RAM AIR INLET DOOR SYSTEMS. ,0,45,0,0,KG,0,0,FF,0,0,KT,0,MN,0,0,,,,,,,,,,,,w,,,,,,INSERT
HVN,87975,21-52-11A,"*REDUCE ENROUTE CLIMB LIMIT WEIGHT BY 1,300 LB (590 KG)*AIRPLANE REMAINS AT OR BELOW FL 350.*EDTO IS NOT CONDUCTED.*INCREASE FLIGHT PLANNING FUEL BY 0.5%.",RAM AIR OUTLET DOOR SYSTEMS/ DOOR CAN BE LOCKED IN FIXED POSITION ,0,590,0,0,KG,0.5,350,FF,0,0,KT,60,MN,0,0,,,,,,,,,,,,w,,,,,,INSERT
HVN,87975,21-52-11B,"*REDUCE ENROUTE CLIMB LIMIT WEIGHT BY 1,300 LB (590 KG)*AIRPLANE REMAINS AT OR BELOW FL 350.*EDTO IS NOT CONDUCTED. MANUALY ENSURE: INCREASE FLIGHT PLANNING FUEL BY 0.5%.",RAM AIR OUTLET DOOR SYSTEMS/ DOOR CANNOT BE LOCKED IN FIXED POSITION ,0,590,0,0,KG,0.5,350,FF,0,0,KT,60,MN,0,0,,,,,,,,,,,,a,,,,,,INSERT
HVN,87967,21-61-01,*EDTO IS NOT CONDUCTED.*,FLIGHT DECK ZONE TRIM VALVES. ,0,0,0,0,KG,0,0,FF,0,0,KT,60,MN,0,0,,,,,,,,,,,,w,,,,,,INSERT
HVN,87967,21-61-02,*EDTO IS NOT CONDUCTED.*,FLIGHT DECK ZONE DUCT TEMPERATURE SENSOR SYSTEMS. ,0,0,0,0,KG,0,0,FF,0,0,KT,60,MN,0,0,,,,,,,,,,,,w,,,,,,INSERT
HVN,87967,21-61-04,*EDTO IS NOT CONDUCTED.*,CABIN ZONE TRIM VALVES. ,0,0,0,0,KG,0,0,FF,0,0,KT,60,MN,0,0,,,,,,,,,,,,w,,,,,,INSERT
HVN,87975,21-61-05-02A,*EDTO IS NOT CONDUCTED.*,"CABIN ZONE DUCT TEMPERATURE SENSOR SYSTEMS / ZONES A2, B2, C, AND D/ MODULATING VALVE DEACTIVATED CLOSED",0,0,0,0,KG,0,0,FF,0,0,KT,60,MN,0,0,,,,,,,,,,,,w,,,,,,INSERT
HVN,87975,21-61-05-02B,*EDTO IS NOT CONDUCTED.*,"CABIN ZONE DUCT TEMPERATURE SENSOR SYSTEMS / ZONES A2, B2, C, AND D/TRIM AIR SWITCH REMAINS OFF ",0,0,0,0,KG,0,0,FF,0,0,KT,60,MN,0,0,,,,,,,,,,,,w,,,,,,INSERT
HVN,87967,21-62-01,*EDTO IS NOT CONDUCTED.*,TRIM AIR PRESSURE REGULATOR VALVES.,0,0,0,0,KG,0,0,FF,0,0,KT,60,MN,0,0,,,,,,,,,,,,w,,,,,,INSERT
HVN,87967,22-11-03,MANUALLY ENSURE: RNP AR APCH REQUIRE AUTOPILOT AND FLIGHT DIRECTOR FUNCTION*,FLIGHT DIRECTOR SYSTEMS. MANUALLY ENSURE: RNP AR APCH REQUIRE AUTOPILOT AND FLIGHT DIRECTOR FUNCTION,0,0,0,0,KG,0,0,FF,0,0,KT,0,MN,0,0,,,,,,,,,,,,a,,,,,,INSERT
HVN,87975,22-11-06-02B,*EDTO BEYOND 180 IS NOT CONDUCTED.*MAXIMUM LANDING CAPABILITY IS CAT IIIA.*,MODE CONTROL PANEL SWITCHES / AUTOTHROTTLE ARM SWITCHES / AUTOTHROTTLE INOPERATIVE ,0,0,0,0,KG,0,0,FF,0,0,KT,180,MN,0,0,,,,,,,,,,auto3A,3A,w,,,,,,INSERT
HVN,87975,22-11-06-03,*EDTO BEYOND 180 IS NOT CONDUCTED.*MAXIMUM LANDING CAPABILITY IS CAT IIIA.*,MODE CONTROL PANEL SWITCHES / A/T ENGAGE SWITCH. ,0,0,0,0,KG,0,0,FF,0,0,KT,180,MN,0,0,,,,,,,,,,auto3A,3A,w,,,,,,INSERT
HVN,87967,22-11-06-04,*THE MAXIMUM APPROACH AND LANDING CAPABILITY IS LAND3 SINGLE*,MODE CONTROL PANEL SWITCHES / F/D SWITCHES. ,0,0,0,0,KG,0,0,FF,0,0,KT,0,MN,0,0,,,,,,,,,,auto3A,3A,w,,,,,,INSERT
HVN,87967,22-11-07,*AUTOLAND IS NOT CONDUCTED.* MAXIMUM LANDING CAPABILITY IS CAT I*,AUTOMATIC LANDING SYSTEM,0,0,0,0,KG,0,0,FF,0,0,KT,0,MN,0,0,,,,,,,,,,noauto,1,w,,,,,,INSERT
HVN,87967,22-11-07-01,*AUTOLAND IS NOT CONDUCTED.* MAXIMUM LANDING CAPABILITY IS CAT III*,AUTOMATIC LANDING SYSTEM  / TRIPLE CHANNEL AUTOLAND . ,0,0,0,0,KG,0,0,FF,0,0,KT,0,MN,0,0,,,,,,,,,,noauto,3A,w,,,,,,INSERT
HVN,87967,22-11-08A,"MANUALLY ENSURE: RNP AR, LVO APPROACH ARE NOT TO BE CONDUCTED. *MAXIMUM LANDING CAPABILITY IS CAT I. *AUTOLAND OPERATIONS ARE NOT TO BE CONDUCTED*",CONTROL WHEEL AUTOPILOT DISCONNECT SWITCHES. ,0,0,0,0,KG,0,0,FF,0,0,KT,0,MN,0,0,,,,,,,,,,noauto,1,a,,,,,,INSERT
HVN,87967,22-11-08B,"MANUALLY ENSURE: RNP AR, LVO APPROACH IS NOT CONDUCTED*MAXIMUM LANDING CAPABILITY IS CAT I*AUTOLAND OPERATIONS ARE NOT TO BE CONDUCTED. *EDTO IS NOT CONDUCTED.*RVSM IS NOT CONDUCTED*",CONTROL WHEEL AUTOPILOT DISCONNECT SWITCHES. ,0,0,0,0,KG,0,0,FF,0,0,KT,60,MN,0,0,W,,,,,,,,,noauto,1,a,,,,,,INSERT
HVN,87967,22-11-09A,*AUTOLAND IS NOT CONDUCTED.* MAXIMUM LANDING CAPABILITY IS CAT III*,TAKEOFF/GO-AROUND  SWITCHES. ,0,0,0,0,KG,0,0,FF,0,0,KT,0,MN,0,0,,,,,,,,,,noauto,3A,w,,,,,,INSERT
HVN,87975,22-11-09B,"MANUALLY ENSURE: RNP AR APPROACHES ARE NOT PERMITTED. RNP APCH MINIMA MUST BE NOT LESS THAN 500 FEET AGL. AUTOPILOT AND FLIGHT DIRECTOR ARE NOT TO BE USED BELOW 500 FEET AGL OR MDA, WHICHEVER IS HIGHER.*MAXIMUM LANDING CAPABILITY IS CAT I. ",TAKEOFF/GO-AROUND  SWITCHES. ,0,0,0,0,KG,0,0,FF,0,0,KT,0,MN,0,0,,,,,,,,,,noauto,1,a,,,,,,INSERT
HVN,87967,22-31-01,*EDTO BEYOND 180 MINUTES IS NOT CONDUCTED*MAXIMUM LANDING CAPABILITY IS CAT IIIA*,AUTOTHROTTLE SYSTEM. ,0,0,0,0,KG,0,0,FF,0,0,KT,180,MN,0,0,,,,,,,,,,auto3A,3A,w,,,,,,INSERT
HVN,87967,22-31-02B,*EDTO BEYOND 180 MINUTES IS NOT CONDUCTED*,AUTOTHROTTLE SERVO MOTORS.,0,0,0,0,KG,0,0,FF,0,0,KT,180,MN,0,0,,,,,,,,,,,,w,,,,,,INSERT
HVN,87967,22-31-03B,*EDTO BEYOND 180 MINUTES IS NOT CONDUCTED*MAXIMUM LANDING CAPABILITY IS CAT IIIA*,AUTOTHROTTLE DISCONNECT SWITCHES. ,0,0,0,0,KG,0,0,FF,0,0,KT,180,MN,0,0,,,,,,,,,,,,w,,,,,,INSERT
HVN,87967,23-11-01A,*HF INOP*,HIGH FREQUENCY  COMMUNICATION SYSTEMS. ,0,0,0,0,KG,0,0,FF,0,0,KT,0,MN,0,0,H,,,,,,,,,,,w,,,,,,INSERT
HVN,87967,23-11-01B,*HF INOP*,HIGH FREQUENCY  COMMUNICATION SYSTEMS. ,0,0,0,0,KG,0,0,FF,0,0,KT,0,MN,0,0,H,,,,,,,,,,,w,,,,,,INSERT
HVN,87967,23-11-01-01A,"*HF DATALINK INOP. OPERATION REQUIRED HF DATALINK COMMUNICATION/SURVEILLANCE (ADS-C, CPDLC, DCL, OCL, D-ATIS) IS NOT PERMITTED*",HIGH FREQUENCY  COMMUNICATION SYSTEMS / HF DATALINK.,0,0,0,0,KG,0,0,FF,0,0,KT,0,MN,0,0,J2,D1,,,,,,,,,,w,,,,,,INSERT
HVN,87967,23-11-01-01B,"*HF DATALINK INOP. OPERATION REQUIRED HF DATALINK COMMUNICATION/SURVEILLANCE (ADS-C, CPDLC, DCL, OCL, D-ATIS) IS NOT PERMITTED*",HIGH FREQUENCY  COMMUNICATION SYSTEMS / HF DATALINK.,0,0,0,0,KG,0,0,FF,0,0,KT,0,MN,0,0,J2,D1,,,,,,,,,,w,,,,,,INSERT
HVN,87967,23-12-01,*VHF INOP*,VHF COMMUNICATIONS SYSTEMS.,0,0,0,0,KG,0,0,FF,0,0,KT,0,MN,0,0,,,,,,,,,,,,w,,,,,,INSERT
HVN,87967,23-12-01-01A,*VHF DATALINK INOP. SATCOM DATALINK AVALABLE*,VHF COMMUNICATIONS SYSTEMS / VHF DATALINK.,0,0,0,0,KG,0,0,FF,0,0,KT,0,MN,0,0,"J1,J3",,,,,,,,,,,w,,,,,,INSERT
HVN,87967,23-12-01-01B,*VHF DATALINK INOP. SATCOM DATALINK NOT AVALABLE*,VHF COMMUNICATIONS SYSTEMS / VHF DATALINK. ,0,0,0,0,KG,0,0,FF,0,0,KT,0,MN,0,0,"J1,J2,J3,J5",D1,,,,,,,,,,w,,,,,,INSERT
HVN,87967,23-15-01A,*EDTO BEYOND 180 MINUTES IS NOT CONDUCTED*SATCOM INOP*,SATELLITE COMMUNICATION  SYSTEMS.,0,0,0,0,KG,0,0,FF,0,0,KT,180,MN,0,0,M1,,,,,,,,,,,w,,,,,,INSERT
HVN,87967,23-15-01B,*SATCOM INOP*,SATELLITE COMMUNICATION  SYSTEMS.,0,0,0,0,KG,0,0,FF,0,0,KT,0,MN,0,0,M1,,,,,,,,,,,w,,,,,,INSERT
HVN,87967,23-15-01-01A,*SATCOM DATALINK INOP*,SATELLITE COMMUNICATION  SYSTEMS / SATCOM DATALINK. ,0,0,0,0,KG,0,0,FF,0,0,KT,0,MN,0,0,J5,,,,,,,,,,,w,,,,,,INSERT
HVN,87967,23-15-01-01B,*SATCOM DATALINK INOP*,SATELLITE COMMUNICATION  SYSTEMS / SATCOM DATALINK. ,0,0,0,0,KG,0,0,FF,0,0,KT,0,MN,0,0,J5,,,,,,,,,,,w,,,,,,INSERT
HVN,87967,23-27-01B,"*EDTO BEYOND 180 MINUTES IS NOT CONDUCTED*DATA LINK INOP. ATC DATALINK INOP""",COMMUNICATION MANAGEMENT SYSTEM (DATALINK). ,0,0,0,0,KG,0,0,FF,0,0,KT,180,MN,0,0,"J1,J2,J3,J5",D1,,,,,,,,,,w,,,,,,INSERT
HVN,87967,24-22-01-03A,MANUALLY ENSURE: INCREASE FLIGHT PLANNING FUEL BY 114 KG PER HOUR  OF APU USAGE INFLIGHT*INCREASE FLIGHT PLANNING FUEL BY 218 KG PER HOUR  OF APU USAGE ONGROUND*EDTO BEYOND 180 MINUTES IS NOT CONDUCTED*INCREASE THE FLIGHT PLANNING FUEL BY 1.2%*,VARIABLE FREQUENCY STARTER GENERATOR  SYSTEMS / GE. ,0,0,0,0,KG,1.2,0,FF,0,0,KT,180,MN,0,0,,,,,,,,,,,,a,,,,,,INSERT
HVN,87967,24-22-01-03B,MANUALLY ENSURE: INCREASE FLIGHT PLANNING FUEL BY 114 KG PER HOUR  OF APU USAGE INFLIGHT*INCREASE FLIGHT PLANNING FUEL BY 218 KG PER HOUR  OF APU USAGE ONGROUND*EDTO BEYOND 180 MINUTES IS NOT CONDUCTED*INCREASE THE FLIGHT PLANNING FUEL BY 1.2%*,VARIABLE FREQUENCY STARTER GENERATOR  SYSTEMS / GE. ,0,0,0,0,KG,1.2,0,FF,0,0,KT,180,MN,0,0,,,,,,,,,,,,a,,,,,,INSERT
HVN,87967,24-22-02-01,*EDTO BEYOND 180 MINUTES IS NOT CONDUCTED*,APU STARTER GENERATOR  SYSTEMS / BOTH INOPERATIVE. ,0,0,0,0,KG,0,0,FF,0,0,KT,180,MN,0,0,,,,,,,,,,,,w,,,,,,INSERT
HVN,87967,24-22-02-04,*EDTO BEYOND 180 MINUTES IS NOT CONDUCTED*,APU STARTER GENERATOR  SYSTEMS / RIGHT ASG GENERATOR. ,0,0,0,0,KG,0,0,FF,0,0,KT,180,MN,0,0,,,,,,,,,,,,w,,,,,,INSERT
HVN,87967,24-22-03-01,*EDTO BEYOND 180 MINUTES IS NOT CONDUCTED*,APU GENERATOR CONTROL UNIT  / LEFT AGCU. ,0,0,0,0,KG,0,0,FF,0,0,KT,180,MN,0,0,,,,,,,,,,,,w,,,,,,INSERT
HVN,87967,24-31-01,*EDTO BEYOND 180 MINUTES IS NOT CONDUCTED*,APU BATTERY. ,0,0,0,0,KG,0,0,FF,0,0,KT,180,MN,0,0,,,,,,,,,,,,w,,,,,,INSERT
HVN,87967,24-31-02B,*EDTO BEYOND 180 MINUTES IS NOT CONDUCTED*,APU START POWER UNIT (SPU)/APU NOT AVAILABLE.,0,0,0,0,KG,0,0,FF,0,0,KT,180,MN,0,0,,,,,,,,,,,,w,,,,,,INSERT
HVN,87967,24-31-03B,*EDTO BEYOND 180 MINUTES IS NOT CONDUCTED*,APU BATTERY CHARGER/APU BATTERY CHARGER. ,0,0,0,0,KG,0,0,FF,0,0,KT,180,MN,0,0,,,,,,,,,,,,w,,,,,,INSERT
HVN,87967,25-18-01-01B,*EDTO IS NOT CONDUCTED.*,FLOTATION EQUIPMENT - LIFE VEST / LIFE VEST. ,0,0,0,0,KG,0,0,FF,0,0,KT,60,MN,0,0,,,,,,,,,,,,w,,,,,,INSERT
HVN,87967,26-15-01A,*EDTO BEYOND 180 MINUTES IS NOT CONDUCTED*,APU FIRE DETECTION SYSTEM.,0,0,0,0,KG,0,0,FF,0,0,KT,180,MN,0,0,,,,,,,,,,,,w,,,,,,INSERT
HVN,87967,26-15-01B,*EDTO BEYOND 180 MINUTES IS NOT CONDUCTED*,APU FIRE DETECTION SYSTEM. ,0,0,0,0,KG,0,0,FF,0,0,KT,180,MN,0,0,,,,,,,,,,,,w,,,,,,INSERT
HVN,87967,26-17-01,"*MANUALLY ENSURE: FOR 787-9: INCREASE FLIGHT PLANNING FUEL BY 1,315 KG*USE OF FLAPS 20 FOR TAKEOFF IS PROHIBITED*",WHEEL WELL FIRE DETECTION SYSTEM. ,0,0,0,0,KG,0,0,FF,0,0,KT,0,MN,0,0,,,,,,,,,,,,a,,,,,,INSERT
HVN,87967,26-18-01,*EDTO BEYOND 120 MINUTES IS NOT CONDUCTED*,DUCT LEAK OVERHEAT DETECTION SYSTEMS . ,0,0,0,0,KG,0,0,FF,0,0,KT,120,MN,0,0,,,,,,,,,,,,w,,,,,,INSERT
HVN,87967,26-22-01,*EDTO BEYOND 180 MINUTES IS NOT CONDUCTED*,APU FIRE EXTINGUISHING SYSTEM .,0,0,0,0,KG,0,0,FF,0,0,KT,180,MN,0,0,,,,,,,,,,,,w,,,,,,INSERT
HVN,87967,27-02-07-02,"*MAXIMUM TAKEOFF WEIGHT IS 335,000 LB (151,953 KG)*",MODAL SUPPRESSION ACCELEROMETERS  / FORWARD MSA . ,95047,0,0,0,KG,0,0,FF,0,0,KT,0,MN,0,0,,,,,,,,,,,,w,,,,,,INSERT
HVN,87967,27-02-02-01,"*RNP AR APCH, RNP APCH, RNP 1/RNP 2, RNAV 1/RNAV 2, P-RNAV, B-RNAV, RNAV 5, RNP 2/RNP 4, RNP 10/RNAV 10 AND ADVANCED RNP OPERATIONS REQUIRE A SINGLE AIR DATA REFERENCE FUNCTION (ADRF). ADRF FUNCTION IS HOSTED INSIDE EACH OF THE 3 FCMS*",FLIGHT CONTROL MODULES  / CENTER FCM.,0,0,0,0,KG,0,0,FF,0,0,KT,0,MN,0,0,F,,"A1,B1,B2,C1,D1","L1,O1,S1,S2,T1,T2",,,,,,,,w,,,,,,INSERT
HVN,87967,27-02-02-02,"*RNP AR APCH, RNP APCH, RNP 1/RNP 2, RNAV 1/RNAV 2, P-RNAV, B-RNAV, RNAV 5, RNP 2/RNP 4, RNP 10/RNAV 10 AND ADVANCED RNP OPERATIONS REQUIRE A SINGLE AIR DATA REFERENCE FUNCTION (ADRF). ADRF FUNCTION IS HOSTED INSIDE EACH OF THE 3 FCMS*",FLIGHT CONTROL MODULES  / LEFT FCM. ,0,0,0,0,KG,0,0,FF,0,0,KT,0,MN,0,0,F,,"A1,B1,B2,C1,D1","L1,O1,S1,S2,T1,T2",,,,,,,,w,,,,,,INSERT
HVN,87967,27-02-02-03,"*RNP AR APCH, RNP APCH, RNP 1/RNP 2, RNAV 1/RNAV 2, P-RNAV, B-RNAV, RNAV 5, RNP 2/RNP 4, RNP 10/RNAV 10 AND ADVANCED RNP OPERATIONS REQUIRE A SINGLE AIR DATA REFERENCE FUNCTION (ADRF). ADRF FUNCTION IS HOSTED INSIDE EACH OF THE 3 FCMS*",FLIGHT CONTROL MODULES  / RIGHT FCM. ,0,0,0,0,KG,0,0,FF,0,0,KT,0,MN,0,0,F,,"A1,B1,B2,C1,D1","L1,O1,S1,S2,T1,T2",,,,,,,,w,,,,,,INSERT
HVN,87967,27-51-02-01AX1,"*FOR 787-9: MAXIMUM TAKEOFF WEIGHT IS 335,000 LB (237,364 KG)*",TRAILING EDGE VARIABLE CAMBER  FUNCTION / FAIRED POSITION.,9636,0,0,0,KG,0,0,FF,0,0,KT,0,MN,0,0,,,,,,,,,,,,w,,,,,,INSERT
HVN,87967,27-51-02-01AX2,"*FOR 787-9 WITH MEL ITEM 27-58-01: MAXIMUM TAKEOFF WEIGHT IS 335,000 LB (237,364 KG), INCREASE FLIGHT PLANNING FUEL BY 1.2%.*",TRAILING EDGE VARIABLE CAMBER  FUNCTION / FAIRED POSITION. ,9636,0,0,0,KG,1.2,0,FF,0,0,KT,0,MN,0,0,,,,,,,,,,,,w,,,,,,INSERT
HVN,87967,27-51-02-01BX1,"*FOR 787-9: MAXIMUM TAKEOFF WEIGHT IS 335,000 LB (237,364 KG)*",TRAILING EDGE VARIABLE CAMBER  FUNCTION / FAIRED POSITION.,9636,0,0,0,KG,0,0,FF,0,0,KT,0,MN,0,0,,,,,,,,,,,,w,,,,,,INSERT
HVN,87967,27-51-02-01BX2,"*FOR 787-9 WITH MEL ITEM 27-58-01: MAXIMUM TAKEOFF WEIGHT IS 335,000 LB (237,364 KG), INCREASE FLIGHT PLANNING FUEL BY 1.2%.*",TRAILING EDGE VARIABLE CAMBER  FUNCTION / FAIRED POSITION. ,9636,0,0,0,KG,1.2,0,FF,0,0,KT,0,MN,0,0,,,,,,,,,,,,w,,,,,,INSERT
HVN,87967,27-51-02-02AX1,"*FOR 787-9: REDUCE ENROUTE CLIMB LIMIT WEIGHT BY 10,700 LB (4,853 KG)*",TRAILING EDGE VARIABLE CAMBER  FUNCTION / EXTENDED OR SPLIT POSITION.,0,4853,0,0,KG,0,0,FF,0,0,KT,0,MN,0,0,,,,,,,,,,,,w,,,,,,INSERT
HVN,87967,27-51-02-02AX2,"*FOR 787-9 WITH CRUISE FLAPS INOPERATIVE  REDUCE ENROUTE CLIMB LIMIT WEIGHT BY 10,700 LB (4,853 KG), INCREASE THE FLIGHT PLANNING FUEL BY 4.0%*",TRAILING EDGE VARIABLE CAMBER  FUNCTION / EXTENDED OR SPLIT POSITION.,0,4853,0,0,KG,4,0,FF,0,0,KT,0,MN,0,0,,,,,,,,,,,,w,,,,,,INSERT
HVN,87967,27-51-02-02AX3,"*FOR 787-9 WITH MEL ITEM 27-58-01: REDUCE ENROUTE CLIMB LIMIT WEIGHT BY 12,600 LB (5,715 KG),  INCREASE THE FLIGHT PLANNING FUEL BY 4.7%*",TRAILING EDGE VARIABLE CAMBER  FUNCTION / EXTENDED OR SPLIT POSITION. ,0,5715,0,0,KG,4.7,0,FF,0,0,KT,0,MN,0,0,,,,,,,,,,,,w,,,,,,INSERT
HVN,87967,27-51-02-02BX1,"*FOR 787-9: REDUCE ENROUTE CLIMB LIMIT WEIGHT BY 10,700 LB (4,853 KG)*",TRAILING EDGE VARIABLE CAMBER  FUNCTION / EXTENDED OR SPLIT POSITION. ,0,4853,0,0,KG,0,0,FF,0,0,KT,0,MN,0,0,,,,,,,,,,,,w,,,,,,INSERT
HVN,87967,27-51-02-02BX2,"*FOR 787-9 WITH CRUISE FLAPS INOPERATIVE  REDUCE ENROUTE CLIMB LIMIT WEIGHT BY 10,700 LB (4,853 KG), INCREASE THE FLIGHT PLANNING FUEL BY 4.0%*",TRAILING EDGE VARIABLE CAMBER  FUNCTION / EXTENDED OR SPLIT POSITION. ,0,4853,0,0,KG,4,0,FF,0,0,KT,0,MN,0,0,,,,,,,,,,,,w,,,,,,INSERT
HVN,87967,27-51-02-02BX3,"*FOR 787-9 WITH MEL ITEM 27-58-01: REDUCE ENROUTE CLIMB LIMIT WEIGHT BY 12,600 LB (5,715 KG),  INCREASE THE FLIGHT PLANNING FUEL BY 4.7%*",TRAILING EDGE VARIABLE CAMBER  FUNCTION / EXTENDED OR SPLIT POSITION. ,0,5715,0,0,KG,4.7,0,FF,0,0,KT,0,MN,0,0,,,,,,,,,,,,w,,,,,,INSERT
HVN,87967,27-61-02-01,"*FOR 787-9: MTOW IS LIMIT TO 237,818 KG AND INCREASE FLIGHT PLANNING FUEL BY 1.0%, ENROUTE CLIMB PENALTY IS REDUCED BY 1,134 KG*",SPOILER ACTUATOR SYSTEMS / ELECTRO-MECHANICAL  SPOILERS . ,9182,1134,0,0,KG,1,0,FF,0,0,KT,0,MN,0,0,,,,,,,,,,,,w,,,,,,INSERT
HVN,87967,27-61-02-02,"*FOR 787-9: MTOW IS LIMIT TO 237,818 KG AND INCREASE FLIGHT PLANNING FUEL BY 1.0%, ENROUTE CLIMB PENALTY IS REDUCED BY 1,134 KG*",SPOILER ACTUATOR SYSTEMS / HYDRAULIC SPOILERS . ,9182,1134,0,0,KG,1,0,FF,0,0,KT,0,MN,0,0,,,,,,,,,,,,w,,,,,,INSERT
HVN,87967,27-61-03,*MAXIMUM LANDING CAPABILITY IS CAT I*,AUTOMATIC SPEEDBRAKE FUNCTION. ,0,0,0,0,KG,0,0,FF,0,0,KT,0,MN,0,0,,,,,,,,,,auto1,1,w,,,,,,INSERT
HVN,87967,28-22-02B,MANUALLY ENSURE: FOR CENTER TANK FUEL: REDUCE THE MAXIMUM ZERO FUEL WEIGHT BY THE AMOUNT OF THE CENTER TANK FUEL*ADJUST THE ZERO FUEL WEIGHT CENTER OF GRAVITY FORWARD LIMIT BASED ON THE AMOUNT OF CENTER TANK FUEL*,CENTER TANK FUEL OVERRIDE/JETTISON PUMP SYSTEMS.,0,0,0,0,KG,0,0,FF,0,0,KT,0,MN,0,0,,,,,,,,,,,,a,,,,,,INSERT
HVN,87967,28-22-04-01,MANUALLY ENSURE: FOR CENTER TANK REQUIRED: INCREASE FLIGHT PLANNING FUEL BY 4800 LB (2177 KG);  REDUCE THE MAXIMUM ZERO FUEL WEIGHT LIMIT BY 4800 LB (2177 KG),FUEL SCAVENGE SYSTEM / SCAVENGE PUMPS.,0,0,0,0,KG,0,0,FF,0,0,KT,0,MN,0,0,,,,,,,,,,,,a,,,,,,INSERT
HVN,87967,28-41-01-02,*EDTO BEYOND 180 MINUTES IS NOT CONDUCTED*,FUEL QUANTITY INDICATION SYSTEMS / CENTER TANK.,0,0,0,0,KG,0,0,FF,0,0,KT,180,MN,0,0,,,,,,,,,,,,w,,,,,,INSERT
HVN,87967,30-11-01,*EDTO BEYOND 120 MINUTES IS NOT CONDUCTED*,WING ICE PROTECTION SYSTEM  . ,0,0,0,0,KG,0,0,FF,0,0,KT,120,MN,0,0,,,,,,,,,,,,w,,,,,,INSERT
HVN,87967,30-21-01,*EDTO BEYOND 120 MINUTES IS NOT CONDUCTED*,ENGINE ANTI-ICE  SYSTEMS.,0,0,0,0,KG,0,0,FF,0,0,KT,120,MN,0,0,,,,,,,,,,,,w,,,,,,INSERT
HVN,87967,30-21-01-01,*EDTO BEYOND 120 MINUTES IS NOT CONDUCTED*,ENGINE ANTI-ICE  SYSTEMS / ENGINE ANTI-ICE PRESSURE REGULATING AND SHUTOFF VALVES . ,0,0,0,0,KG,0,0,FF,0,0,KT,120,MN,0,0,,,,,,,,,,,,w,,,,,,INSERT
HVN,87967,30-21-01-02,"*FOR 787-9: REDUCE PERFORMANCE LIMITED WEIGHTS AS FOLLOWS: TAKEOFF 12,400 LB (5,625 KG), APPROACH & LANDING CLIMB  4,400 LB (1,996 KG) ENROUTE CLIMB 6,900 LB (3,130 KG), INCREASE FLIGHT PLANNING FUEL BY 3.3%*",ENGINE ANTI-ICE  SYSTEMS / ENGINE ANTI-ICE PRESSURE REGULATING AND SHUTOFF VALVES . ,5625,3130,1996,0,KG,3.3,0,FF,0,0,KT,0,MN,0,0,,,,,,,,,,,,w,,,,,,INSERT
HVN,87967,30-21-01-05,MANUALLY ENSURE: OPERATIONS ARE LIMITED TO OAT 38 DEGREES C OR BELOW*,ENGINE ANTI-ICE  SYSTEMS / ENGINE ANTI-ICE PRESSURE REGULATING VALVES  .,0,0,0,0,KG,0,0,FF,0,0,KT,0,MN,0,0,,,,,,,,,,,,a,,,,,,INSERT
HVN,87967,30-31-01-02,MAXIMUM LANDING CAPABILITY IS CAT III*MANUALLY ENSURE: AIRPLANE IS NOT OPERATED IN KNOWN OR FORECAST ICING CONDITIONS.*,PITOT PROBE HEATER SYSTEMS / LEFT PITOT HEATER. MAXIMUM LANDING CAPABILITY IS CAT III,0,0,0,0,KG,0,0,FF,0,0,KT,0,MN,0,0,,,,,,,,,,auto3A,3A,a,,,,,,INSERT
HVN,87975,30-33-01-02,MAXIMUM LANDING CAPABILITY IS CAT III*MANUALLY ENSURE: AIRPLANE IS NOT OPERATED IN KNOWN OR FORECAST ICING CONDITIONS.*,TOTAL AIR TEMPERATURE (TAT) PROBE HEATER SYSTEM/GE.,0,0,0,0,KG,0,0,FF,0,0,KT,120,MN,0,0,,,,,,,,,,,,a,,,,,,INSERT
HVN,87967,30-41-01,*EDTO BEYOND 120 MINUTES IS NOT CONDUCTED*,FLIGHT DECK FORWARD WINDOW PRIMARY HEAT CHANNELS . ,0,0,0,0,KG,0,0,FF,0,0,KT,120,MN,0,0,,,,,,,,,,,,w,,,,,,INSERT
HVN,87967,30-42-01,MANUALLY ENSURE: AIRPLANE IS NOT OPERATED IN PRECIPITATION WITHIN FIVE STATUTE MILES OF AIRPORT OF DEPARTURE OR INTENDED LANDING.*CAT II AND CAT III APPROACHES ARE NOT CONDUCTED.*,WINDSHIELD WIPER SYSTEM . MANUALLY ENSURE: AIRPLANE IS NOT OPERATED IN PRECIPITATION WITHIN FIVE STATUTE MILES OF AIRPORT OF DEPARTURE OR INTENDED LANDING.,0,0,0,0,KG,0,0,FF,0,0,KT,0,MN,0,0,,,,,,,,,,auto1,1,a,,,,,,INSERT
HVN,87967,30-42-01-02B,MANUALLY ENSURE: AIRPLANE IS NOT OPERATED IN KNOWN OR FORECAST PRECIPITATION OF MODERATE OR GREATER INTENSITY WITHIN 5 STATUTE MILES OF THE AIRPORT OF DEPARTURE OR INTENDED LANDING.,WINDSHIELD WIPER SYSTEM  / HIGH SPEED FUNCTIONS. ,0,0,0,0,KG,0,0,FF,0,0,KT,0,MN,0,0,,,,,,,,,,,,a,,,,,,INSERT
HVN,87967,31-51-03,"MANUALLY ENSURE: RNP AR, LVO APPROACH ARE NOT TO BE CONDUCTED. AND/OR AUTOLAND OPERATIONS ARE NOT TO BE CONDUCTED.*EDTO AND RVSM OPERATIONS ARE NOT CONDUCTED.*MAXIMUM LANDING CAPABILITY IS CAT I.*",AUTOPILOT DISCONNECT WARNING FUNCTION. ,0,0,0,0,KG,0,0,FF,0,0,KT,60,MN,0,0,W,,,,,,,,,noauto,1,a,,,,,,INSERT
HVN,87967,31-61-01-02,"*RNP AR APCH, RNP APCH, RNP 1/RNP 2, RNAV 1/RNAV 2, P-RNAV, B-RNAV, RNAV 5, RNP 2/RNP 4, RNP 10/RNAV 10 AND ADVANCED RNP OPERATIONS REQUIRE A SINGLE AIR DATA REFERENCE FUNCTION (ADRF). ADRF FUNCTION IS HOSTED INSIDE EACH OF THE 3 FCMS*",DISPLAY UNITS  / LEFT INBOARD DU. ,0,0,0,0,KG,0,0,FF,0,0,KT,0,MN,0,0,F,,"A1,B1,B2,C1,D1","L1,O1,S1,S2,T1,T2",,,,,,,,w,,,,,,INSERT
HVN,87967,31-61-01-03,"*RNP AR APCH, RNP APCH, RNP 1/RNP 2, RNAV 1/RNAV 2, P-RNAV, B-RNAV, RNAV 5, RNP 2/RNP 4, RNP 10/RNAV 10 AND ADVANCED RNP OPERATIONS REQUIRE A SINGLE AIR DATA REFERENCE FUNCTION (ADRF). ADRF FUNCTION IS HOSTED INSIDE EACH OF THE 3 FCMS*",DISPLAY UNITS  / LEFT OUTBOARD DU. ,0,0,0,0,KG,0,0,FF,0,0,KT,0,MN,0,0,F,,"A1,B1,B2,C1,D1","L1,O1,S1,S2,T1,T2",,,,,,,,w,,,,,,INSERT
HVN,87967,32-31-07-01,*RVSM OPERATIONS IS NOT ALLOWED*,LANDING GEAR BYPASS/AUTO-OFF VALVE SYSTEM / NOSE LANDING GEAR. ,0,0,0,0,KG,0,0,FF,0,0,KT,0,MN,0,0,W,,,,,,,,,,,w,,,,,,INSERT
HVN,87967,32-31-07-02,*RVSM OPERATIONS IS NOT ALLOWED*,LANDING GEAR BYPASS/AUTO-OFF VALVE SYSTEM / MAIN LANDING GEAR. ,0,0,0,0,KG,0,0,FF,0,0,KT,0,MN,0,0,W,,,,,,,,,,,w,,,,,,INSERT
HVN,87967,32-35-01B,*RVSM OPERATIONS IS NOT ALLOWED*,LANDING GEAR ALTERNATE EXTEND SYSTEM. ,0,0,0,0,KG,0,0,FF,0,0,KT,0,MN,0,0,W,,,,,,,,,,,w,,,,,,INSERT
HVN,87967,32-35-02B,*RVSM OPERATIONS IS NOT ALLOWED*,GROUND DOOR RELEASE CONTROL SYSTEM. ,0,0,0,0,KG,0,0,FF,0,0,KT,0,MN,0,0,W,,,,,,,,,,,w,,,,,,INSERT
HVN,87967,32-42-01,*MAXIMUM LANDING CAPABILITY IS CAT IIIA*,AUTOBRAKE SYSTEM. ,0,0,0,0,KG,0,0,FF,0,0,KT,0,MN,0,0,,,,,,,,,,auto3A,3A,w,,,,,,INSERT
HVN,87967,32-42-02,MANUALLY ENSURE: INCREASE FLIGHT PLANNING FUEL BY 600 LB (272 KG). USE OF FLAPS 20 FOR TAKEOFF IS PROHIBITED.,ANTISKID CONTROL SYSTEMS. ,0,0,0,0,KG,0,0,FF,0,0,KT,0,MN,0,0,,,,,,,,,,,,a,,,,,,INSERT
HVN,87967,32-45-01,MANUALLY ENSURE: INCREASE FLIGHT PLANNING FUEL BY 600 LB (272 KG).USE OF FLAPS 20 FOR TAKEOFF IS PROHIBITED.,WHEEL BRAKE SYSTEMS. ,0,0,0,0,KG,0,0,FF,0,0,KT,0,MN,0,0,,,,,,,,,,,,a,,,,,,INSERT
HVN,87967,32-45-03,MANUALLY ENSURE: INCREASE FLIGHT PLANNING FUEL BY 600 LB (272 KG). USE OF FLAPS 20 FOR TAKEOFF IS PROHIBITED.,NOSE GEAR SPIN BRAKE. ,0,0,0,0,KG,0,0,FF,0,0,KT,0,MN,0,0,,,,,,,,,,,,a,,,,,,INSERT
HVN,87967,34-31-04,*VOR INOP*,VOR NAVIGATION SYSTEMS. ,0,0,0,0,KG,0,0,FF,0,0,KT,0,MN,0,0,O,,,,,,,,,,,w,,,,,,INSERT
HVN,87967,34-12-02-01,*MAXIMUM LANDING CAPABILITY IS CAT IIIA*,STATIC AIR DATA MODULES / RIGHT STATIC AIR DATA MODULE. ,0,0,0,0,KG,0,0,FF,0,0,KT,0,MN,0,0,,,,,,,,,,auto3A,3A,w,,,,,,INSERT
HVN,87967,34-12-02-02,*MAXIMUM LANDING CAPABILITY IS CAT IIIA*,STATIC AIR DATA MODULES / LEFT STATIC AIR DATA MODULE.,0,0,0,0,KG,0,0,FF,0,0,KT,0,MN,0,0,,,,,,,,,,auto3A,3A,w,,,,,,INSERT
HVN,87967,34-16-01,*RVSM OPERATIONS ARE NOT TO BE CONDUCTED*,ALTITUDE ALERTING SYSTEM. ,0,0,0,0,KG,0,0,FF,0,0,KT,0,MN,0,0,W,,,,,,,,,,,w,,,,,,INSERT
HVN,87967,34-31-05A,*GPS - 01 INOP*,GLOBAL POSITIONING SYSTEMS . ,0,0,0,0,KG,0,0,FF,0,0,KT,0,MN,0,0,G,,"A1,B2,C2,D1","O1,L1,S1,S2,T1,T2",,,,,,,,w,,,,,,INSERT
HVN,87967,34-31-05B,*GPS - 02 INOP*,GLOBAL POSITIONING SYSTEMS . ,0,0,0,0,KG,0,0,FF,0,0,KT,0,MN,0,0,G,B1,"A1,B2,C2,D1","O1,L1,S1,S2,T1,T2",,,,,,,,w,,,,,,INSERT
HVN,87975,34-42-01B,*EDTO BEYOND 120 MINUTES IS NOT CONDUCTED*,WEATHER RADAR SYSTEM,0,0,0,0,KG,0,0,FF,0,0,KT,120,MN,0,0,,,,,,,,,,,,w,,,,,,INSERT
HVN,87975,34-42-01C,*EDTO BEYOND 120 MINUTES IS NOT CONDUCTED*,WEATHER RADAR SYSTEM,0,0,0,0,KG,0,0,FF,0,0,KT,120,MN,0,0,,,,,,,,,,,,w,,,,,,INSERT
HVN,87967,34-42-03B,*RVSM AND EDTO OPERATIONS ARE NOT TO BE CONDUCTED*,ATC TRANSPONDER/AUTOMATIC ALTITUDE REPORTING SYSTEMS.,0,0,0,0,KG,0,0,FF,0,0,KT,60,MN,0,0,W,B1,,,,,,,,,,w,,,,,,INSERT
HVN,87967,34-42-06,*ADS-B INOP*,AUTOMATIC DEPENDENT SURVEILLANCE-BROADCAST (ADS-B) SYSTEM. ,0,0,0,0,KG,0,0,FF,0,0,KT,0,MN,0,0,,B1,,,,,,,,,,w,,,,,,INSERT
HVN,87967,34-55-01,"*DME INOP. NOTE: RNAV 1/RNAV 2, AND P-RNAV, B-RNAV, RNAV5 OPERATIONS REQUIRE ONE DME*",DISTANCE MEASURING EQUIPMENT . ,0,0,0,0,KG,0,0,FF,0,0,KT,0,MN,0,0,D,,,,,,,,,,,w,,,,,,INSERT
HVN,87967,35-21-03,*FLIGHT REMAINS AT OR BELOW FL 300*,PASSENGER OXYGEN AUTOMATIC PRESENTATION SYSTEM. ,0,0,0,0,KG,0,300,FF,0,0,KT,0,MN,0,0,,,,,,,,,,,,w,,,,,,INSERT
HVN,87967,49-15-01AX1,"*FOR 787-9: REDUCE TAKE-OFF WEIGHT LIMIT BY 2,495KG, APPROACH &LANDING CLIMB BY 544KG, ENROUTE CLIMB BY 2,087KG.*EDTO BEYOND 180 MINUTES IS NOT CONDUCTED*",APU AIR INLET DOOR ACTUATION SYSTEM. ,2495,2087,544,0,KG,0,0,FF,0,0,KT,0,MN,0,0,,,,,,,,,,,,w,,,,,,INSERT
HVN,87967,49-15-01AX2,"*FOR 787-9: REDUCE TAKE-OFF WEIGHT LIMIT BY 2,495KG, APPROACH &LANDING CLIMB BY 544KG, ENROUTE CLIMB BY 2,087KG.*EDTO BEYOND 180 MINUTES IS NOT CONDUCTED*FOR APU INLET DOOR NOT CLOSED WITH APU NOT RUNNING, INCREASE THE FLIGHT PLANNING FUEL BY 2.9%.*",APU AIR INLET DOOR ACTUATION SYSTEM. ,2495,2087,544,0,KG,2.9,0,FF,0,0,KT,180,MN,0,0,,,,,,,,,,,,w,,,,,,INSERT
HVN,87967,49-15-01BX1,"*FOR 787-9: REDUCE TAKE-OFF WEIGHT LIMIT BY 2,495KG, APPROACH &LANDING CLIMB BY 544KG, ENROUTE CLIMB BY 2,087KG.*",APU AIR INLET DOOR ACTUATION SYSTEM. ,2495,2087,544,0,KG,0,0,FF,0,0,KT,0,MN,0,0,,,,,,,,,,,,w,,,,,,INSERT
HVN,87967,49-15-01BX2,"*FOR 787-9: REDUCE TAKE-OFF WEIGHT LIMIT BY 2,495KG, APPROACH &LANDING CLIMB BY 544KG, ENROUTE CLIMB BY 2,087KG.*FOR APU INLET DOOR NOT CLOSED WITH APU NOT RUNNING, INCREASE THE FLIGHT PLANNING FUEL BY 2.9%.*",APU AIR INLET DOOR ACTUATION SYSTEM. ,2495,2087,544,0,KG,2.9,0,FF,0,0,KT,0,MN,0,0,,,,,,,,,,,,w,,,,,,INSERT
HVN,87967,49-15-01BX3,"*FOR 787-9: REDUCE TAKE-OFF WEIGHT LIMIT BY 2,495KG, APPROACH &LANDING CLIMB BY 544KG, ENROUTE CLIMB BY 2,087KG.*MANUALLY ENSURE: FOR APU INLET DOOR NOT CLOSED WITH APU RUNNING,  INCREASE THE FLIGHT PLANNING FUEL BY 1.2% PLUS 250 LB/HR OF APU FLIGHT TIME AND 480 LB/HR OF APU GROUND TIME*",APU AIR INLET DOOR ACTUATION SYSTEM. ,2495,2087,544,0,KG,0,0,FF,0,0,KT,0,MN,0,0,,,,,,,,,,,,a,,,,,,INSERT
HVN,87967,49-41-01A,MANUALLY ENSURE: INCREASE THE FLIGHT PLANNING FUEL BY 1.2% WITH APU RUNNING AND ALSO INCREASE PLANNING FUEL BY 250 LB (114 KG) PER HOUR OF APU USAGE INFLIGHT AND 480 LB (218 KG) PER HOUR OF APU USAGE ON THE GROUND.*,APU STARTING SYSTEM. ,0,0,0,0,KG,1.2,0,FF,0,0,KT,0,MN,0,0,,,,,,,,,,,,a,,,,,,INSERT
HVN,87967,49-41-01B,*EDTO BEYOND 180 MINUTES IS NOT CONDUCTED*,APU STARTING SYSTEM. ,0,0,0,0,KG,0,0,FF,0,0,KT,180,MN,0,0,,,,,,,,,,,,w,,,,,,INSERT
HVN,87967,49-94-01B,*EDTO BEYOND 180 MINUTES IS NOT CONDUCTED*,APU OIL QUANTITY INDICATION SYSTEM. ,0,0,0,0,KG,0,0,FF,0,0,KT,180,MN,0,0,,,,,,,,,,,,w,,,,,,INSERT
HVN,87967,52-11-02-01,"*FLIGHT IS CONDUCTED UNPRESSURIZED. LIMIT ENROUTE ALTITUDE TO 10,000 FEET*","PASSENGER ENTRY DOORS PRESSURE STOP ASSEMBLIES / DOOR STOPS 1, 2, 5, AND 6.",0,0,0,0,KG,0,100,FF,0,0,KT,0,MN,0,0,,,,,,,,,,,,w,,,,,,INSERT
HVN,87967,52-11-02-02,"*AIRPLANE PRESSURE ALTITUDE DOES NOT EXCEED 12,000 FEET*",PASSENGER ENTRY DOORS PRESSURE STOP ASSEMBLIES / DOOR STOPS 3 AND 4. ,0,0,0,0,KG,0,120,FF,0,0,KT,0,MN,0,0,,,,,,,,,,,,w,,,,,,INSERT
HVN,87967,73-21-01-02,"*FOR 787-9: REDUCE TAKE-OFF WEIGHT LIMIT BY 7.666KG, APPROACH &LANDING CLIMB BY 2,722KG, ENROUTE CLIMB BY 4,082KG.*INCREASE THE FLIGHT PLANNING FUEL BY 1.5%*",ELECTRONIC ENGINE CONTROLS  NORMAL MODE / GE. ,7666,4082,2722,0,KG,1.5,0,FF,0,0,KT,0,MN,0,0,,,,,,,,,,,,w,,,,,,INSERT
HVN,87967,73-31-01,*EDTO BEYOND 180 MINUTES IS NOT CONDUCTED*,FUEL FLOW INDICATIONS. ,0,0,0,0,KG,0,0,FF,0,0,KT,180,MN,0,0,,,,,,,,,,,,w,,,,,,INSERT
HVN,87975,75-11-02,MANUALLY ENSURE: Airplane is not operated in known or forecast icing conditions.*,BOOSTER ANTI-ICE  VALVES ,0,0,0,0,KG,0,0,FF,0,0,KT,120,MN,0,0,,,,,,,,,,,,w,,,,,,INSERT
HVN,87967,75-24-01-01,"*FOR 787-9: REDUCE TAKE-OFF WEIGHT LIMIT BY (2,041 KG) APPROACH &LANDING CLIMB BY 5,126KG, ENROUTE CLIMB BY 5,262KG.*INCREASE THE FLIGHT PLANNING FUEL BY 1.7%*",TURBINE CASE COOLING AIR FLOW SYSTEMS  / HPTACC VALVES. ,2041,5262,5126,0,KG,1.7,0,FF,0,0,KT,0,MN,0,0,,,,,,,,,,,,w,,,,,,INSERT
HVN,87967,75-24-01-02,"*FOR 787-9: REDUCE TAKE-OFF WEIGHT LIMIT BY (2,041 KG) APPROACH &LANDING CLIMB BY 2,359KG, ENROUTE CLIMB BY 953KG.*INCREASE THE FLIGHT PLANNING FUEL BY 0.8%*",TURBINE CASE COOLING AIR FLOW SYSTEMS  / LPTACC VALVES. ,2041,953,2359,0,KG,0.8,0,FF,0,0,KT,0,MN,0,0,,,,,,,,,,,,w,,,,,,INSERT
HVN,87967,CDL32-12-01X1,"MAIN LANDING GEAR (BODY) DOOR SEALS MISSING. EIGHT PER DOOR MAY BE MISSING MANUALY ENSURE: PENALTIES APPLIED: TO 907 KG, ENR 68XL KG, LDG = 23XL KG,  PENALTY FUEL + 1,315KG. L-TOTAL LENGTH OF SEAL MISSING (FT). L<13. INCREASE FLIGHT PLANNING FUEL BY 2,900 POUNDS (1,315 KG) FOR LANDING GEAR EXTENDED FOR 10 MINUTES",MAIN LANDING GEAR  DOOR SEALS. ,0,0,0,0,KG,0,0,FF,0,0,KT,0,MN,0,0,,,,,,,,,,,,a,,,,,,INSERT
HVN,87967,CDL32-12-01X2,"MAIN LANDING GEAR (BODY) DOOR SEALS MISSING. EIGHT PER DOOR MAY BE MISSING. MANUALY ENSURE: PENALTIES APPLIED: TO 68XL KG, ENR  68XL KG, LDG =23XL KG,  PENALTY FUEL + 1,315KG. L-TOTAL LENGTH OF SEAL MISSING (FT). L>13. INCREASE FLIGHT PLANNING FUEL BY 2,900 POUNDS (1,315 KG) FOR LANDING GEAR EXTENDED FOR 10 MINUTES",MAIN LANDING GEAR  DOOR SEALS. ,0,0,0,0,KG,0,0,FF,0,0,KT,0,MN,0,0,,,,,,,,,,,,a,,,,,,INSERT
HVN,87967,CDL32-12-02,"MAIN LANDING GEAR DRAG BRACE DOOR, TRUNNION DOOR, STRUT DOOR AND LOWER STRUT DOOR SEALS. MANUALY ENSURE: PENALTIES APPLIED: TO 68XL KG, ENR 68XL KG, LDG = 23XL KG,  L-TOTAL LENGTH OF SEAL MISSING (FT). L less than 6.25 FT","MAIN LANDING GEAR DRAG BRACE DOOR, TRUNNION DOOR, STRUT DOOR AND LOWER STRUT DOOR SEALS. ",0,0,0,0,KG,0,0,FF,0,0,KT,0,MN,0,0,,,,,,,,,,,,a,,,,,,INSERT
HVN,87967,CDL32-12-03X1,"MAIN LANDING GEAR STRUT DOOR. ONE MAY BE MISSING PROVIDED GEAR REMAINS EXTENDED FOR 10 MINUTES AFTER TAKEOFF. *REDUCE PERFORMANCE LIMITED WEIGHTS BY: TAKEOFF 1179 KG, ENROUTE CLIMB 1066 KG, APPROACH AND LANDING 363 KG * LIMIT SPEED TO 270 KIAS / 0.73 MACH. *MANUALY ENSURE: INCREASE FLIGHT PLANNING FUEL BY 1,315KG",MAIN LANDING GEAR STRUT DOOR. ,1179,1066,363,0,KG,0,0,FF,270,0.73,KT,0,MN,0,0,,,,,,,,,,,,a,,,,,,INSERT
HVN,87967,CDL32-12-04X1,"MAIN LANDING GEAR LOWER STRUT DOOR. ONE OR BOTH ON ONE SIDE MAY BE MISSING PROVIDED GEAR REMAINS EXTENDED FOR 10 MINUTES AFTER TAKEOFF *REDUCE PERFORMANCE LIMITED WEIGHTS BY: TAKEOFF 907 KG, ENROUTE CLIMB 227 KG, APPROACH AND LANDING 91 KG * LIMIT SPEED TO 270 KIAS / 0.73 MACH*MANUALY ENSURE: INCREASE FLIGHT PLANNING FUEL BY 1,315KG",MAIN LANDING GEAR LOWER STRUT DOOR. ,907,227,91,0,KG,0,0,FF,270,0.73,KT,0,MN,0,0,,,,,,,,,,,,a,,,,,,INSERT
HVN,87967,CDL32-12-05X1,"MAIN LANDING GEAR TRUNNION DOOR. ONE MAY BE MISSING PROVIDED GEAR REMAINS EXTENDED FOR 10 MINUTES. *REDUCE PERFORMANCE LIMITED WEIGHTS BY: TAKEOFF  907KG, ENROUTE CLIMB 272 KG, APPROACH AND LANDING 113 KG * LIMIT SPEED TO 270 KIAS / 0.73 MACH*MANUALY ENSURE: INCREASE FLIGHT PLANNING FUEL BY 1,315KG",MAIN LANDING GEAR TRUNNION DOOR.,907,272,113,0,KG,0,0,FF,270,0.73,KT,0,MN,0,0,,,,,,,,,,,,a,,,,,,INSERT
HVN,87967,CDL32-12-06X1,"MAIN LANDING GEAR DRAG BRACE DOOR. ONE MAY BE MISSING PROVIDED GEAR REMAINS EXTENDED FOR 10 MINUTES AFTER TAKEOFF *REDUCE PERFORMANCE LIMITED WEIGHTS BY: TAKEOFF 907 KG, ENROUTE CLIMB 249KG, APPROACH AND LANDING 91 KG * LIMIT SPEED TO 270 KIAS / 0.73 MACH*MANUALY ENSURE: INCREASE FLIGHT PLANNING FUEL BY 1,315KG",MAIN LANDING GEAR DRAG BRACE DOOR. ,907,249,91,0,KG,0,0,FF,270,0.73,KT,0,MN,0,0,,,,,,,,,,,,a,,,,,,INSERT
HVN,87967,CDL32-22-01,"ANY NUMBER MAY BE MISSING. MANUALY ENSURE: PENALTIES APPLIED: TO 23XL KG, ENR 23XL KG, LDG = 23XL KG,  L-TOTAL LENGTH OF SEAL MISSING (FT).",FORWARD NOSE LANDING GEAR DOOR SEALS. ,0,0,0,0,KG,0,0,FF,0,0,KT,0,MN,0,0,,,,,,,,,,,,a,,,,,,INSERT
HVN,87967,CDL32-22-02,"ANY NUMBER MAY BE MISSING. MANUALY ENSURE: PENALTIES APPLIED: TO 23XL KG, ENR 23XL KG, LDG = 23XL KG,  L-TOTAL LENGTH OF SEAL MISSING (FT).",AFT NOSE LANDING GEAR DOOR SEALS. ,0,0,0,0,KG,0,0,FF,0,0,KT,0,MN,0,0,,,,,,,,,,,,a,,,,,,INSERT
HVN,87967,CDL52-40-01,"MAY BE MISSING. *REDUCE PERFORMANCE LIMITED WEIGHTS BY TAKEOFF 113 KG, ENROUTE 91KG",SERVICE ACCESS DOOR. MAY BE MISSING. ,113,91,0,0,KG,0,0,FF,0,0,KT,0,MN,0,0,,,,,,,,,,,,w,,,,,,INSERT
HVN,87967,CDL55-20-01,"ANY NUMBER MAY BE MISSING. MANUALY ENSURE: PENALTIES APPLIED: TO 113XL KG, ENR 113XL KG, LDG = 45XL KG,  L-TOTAL LENGTH OF SEAL MISSING (FT).",ELEVATOR OUTBOARD END SEAL. ,0,0,0,0,KG,0,0,FF,0,0,KT,0,MN,0,0,,,,,,,,,,,,a,,,,,,INSERT
HVN,87967,CDL55-20-02,"ANY NUMBER MAY BE MISSING. MANUALY ENSURE: PENALTIES APPLIED: TO 136XL KG, ENR 113XL KG, LDG = 45XL KG,  L-TOTAL LENGTH OF SEAL MISSING (FT).",ELEVATOR INBOARD END SEAL. ,0,0,0,0,KG,0,0,FF,0,0,KT,0,MN,0,0,,,,,,,,,,,,a,,,,,,INSERT
HVN,87967,CDL55-20-04X1,ANY NUMBER MAY BE MISSING. 1 AFFECTED SIDE. *APPLY PENALTY TAKE-OFF 204 ENROUTE 181 APPROACH & LANDING 68*,HORIZONTAL STABILIZER TRAILING EDGE INBOARD END SEAL.,204,181,68,0,KG,0,0,FF,0,0,KT,0,MN,0,0,,,,,,,,,,,,w,,,,,,INSERT
HVN,87967,CDL55-20-04X2,ANY NUMBER MAY BE MISSING. 2 AFFECTED SIDES. *APPLY PENALTY TAKE-OFF 408 ENROUTE 362 APPROACH & LANDING 136*,HORIZONTAL STABILIZER TRAILING EDGE INBOARD END SEAL. ,408,362,136,0,KG,0,0,FF,0,0,KT,0,MN,0,0,,,,,,,,,,,,w,,,,,,INSERT
HVN,87967,CDL55-20-05X1,ANY NUMBER MAY BE MISSING. 1 MISSING *APPLY PENALTY TAKE-OFF 91 ENROUTE 91 APPROACH & LANDING -*,HORIZONTAL STABILIZER LEADING EDGE AERO STRIPS.,91,91,0,0,KG,0,0,FF,0,0,KT,0,MN,0,0,,,,,,,,,,,,w,,,,,,INSERT
HVN,87967,CDL55-20-05X2,ANY NUMBER MAY BE MISSING. 2 MISSING *APPLY PENALTY TAKE-OFF 182 ENROUTE 182 APPROACH & LANDING -*,HORIZONTAL STABILIZER LEADING EDGE AERO STRIPS. ,182,182,0,0,KG,0,0,FF,0,0,KT,0,MN,0,0,,,,,,,,,,,,w,,,,,,INSERT
HVN,87967,CDL55-20-05X3,ANY NUMBER MAY BE MISSING. 3 MISSING *APPLY PENALTY TAKE-OFF 273 ENROUTE 273 APPROACH & LANDING -*,HORIZONTAL STABILIZER LEADING EDGE AERO STRIPS. ,273,273,0,0,KG,0,0,FF,0,0,KT,0,MN,0,0,,,,,,,,,,,,w,,,,,,INSERT
HVN,87967,CDL55-20-05X4,ANY NUMBER MAY BE MISSING. 4 MISSING *APPLY PENALTY TAKE-OFF 364 ENROUTE 364 APPROACH & LANDING -*,HORIZONTAL STABILIZER LEADING EDGE AERO STRIPS.,364,364,0,0,KG,0,0,FF,0,0,KT,0,MN,0,0,,,,,,,,,,,,w,,,,,,INSERT
HVN,87967,CDL55-30-02X1,ANY NUMBER MAY BE MISSING. 1 MISSING *APPLY PENALTY TAKE-OFF 91 ENROUTE 68 APPROACH & LANDING -*,VERTICAL STABILIZER LEADING EDGE AERO STRIPS. ,91,68,0,0,KG,0,0,FF,0,0,KT,0,MN,0,0,,,,,,,,,,,,w,,,,,,INSERT
HVN,87967,CDL55-30-02X2,ANY NUMBER MAY BE MISSING. 2 MISSING *APPLY PENALTY TAKE-OFF 182 ENROUTE 136 APPROACH & LANDING -*,VERTICAL STABILIZER LEADING EDGE AERO STRIPS. ,182,136,0,0,KG,0,0,FF,0,0,KT,0,MN,0,0,,,,,,,,,,,,w,,,,,,INSERT
HVN,87967,CDL55-30-02X3,ANY NUMBER MAY BE MISSING. 3 MISSING *APPLY PENALTY TAKE-OFF 273 ENROUTE 204 APPROACH & LANDING -*,VERTICAL STABILIZER LEADING EDGE AERO STRIPS. ,273,204,0,0,KG,0,0,FF,0,0,KT,0,MN,0,0,,,,,,,,,,,,w,,,,,,INSERT
HVN,87967,CDL55-30-02X4,ANY NUMBER MAY BE MISSING. 4 MISSING *APPLY PENALTY TAKE-OFF 364 ENROUTE 272 APPROACH & LANDING -*,VERTICAL STABILIZER LEADING EDGE AERO STRIPS. ,364,272,0,0,KG,0,0,FF,0,0,KT,0,MN,0,0,,,,,,,,,,,,w,,,,,,INSERT
HVN,87967,CDL55-30-02X5,ANY NUMBER MAY BE MISSING. 5 MISSING *APPLY PENALTY TAKE-OFF 455 ENROUTE 340 APPROACH & LANDING -*,VERTICAL STABILIZER LEADING EDGE AERO STRIPS. ,455,340,0,0,KG,0,0,FF,0,0,KT,0,MN,0,0,,,,,,,,,,,,w,,,,,,INSERT
HVN,87967,CDL55-40-01,ANY NUMBER MAY BE MISSING. *APPLY PENALTY TAKE-OFF 181 ENROUTE 159 APPROACH & LANDING 68*,VERTICAL STABILIZER TIP FAIRING RUDDER SEAL. ,181,159,68,0,KG,0,0,FF,0,0,KT,0,MN,0,0,,,,,,,,,,,,w,,,,,,INSERT
HVN,87967,CDL55-40-02,ANY NUMBER MAY BE MISSING. *APPLY PENALTY TAKE-OFF 385 ENROUTE 340 APPROACH & LANDING 91*,RUDDER TO FUSELAGE SEAL.,385,340,91,0,KG,0,0,FF,0,0,KT,0,MN,0,0,,,,,,,,,,,,w,,,,,,INSERT
HVN,87967,CDL56-21-01X1,NUMBER MISSING: 3-15 *APPLY PENALTY TAKE-OFF 295 ENROUTE 295 APPROACH & LANDING 91*,PASSENGER WINDOW SEALS. ,295,295,91,0,KG,0,0,FF,0,0,KT,0,MN,0,0,,,,,,,,,,,,w,,,,,,INSERT
HVN,87967,CDL56-21-01X2,NUMBER MISSING: 16-30 *APPLY PENALTY TAKE-OFF 567 ENROUTE 567 APPROACH & LANDING 181*,PASSENGER WINDOW SEALS. ,567,567,181,0,KG,0,0,FF,0,0,KT,0,MN,0,0,,,,,,,,,,,,w,,,,,,INSERT
HVN,87967,CDL56-21-01X3,NUMBER MISSING: 31-45 *APPLY PENALTY TAKE-OFF 839 ENROUTE 839 APPROACH & LANDING 272*,PASSENGER WINDOW SEALS. ,839,839,272,0,KG,0,0,FF,0,0,KT,0,MN,0,0,,,,,,,,,,,,w,,,,,,INSERT
HVN,87967,CDL56-21-01X4,"NUMBER MISSING: 46-60 *APPLY PENALTY TAKE-OFF 1,134 ENROUTE 1,134 APPROACH & LANDING 340*",PASSENGER WINDOW SEALS. ,1134,1134,340,0,KG,0,0,FF,0,0,KT,0,MN,0,0,,,,,,,,,,,,w,,,,,,INSERT
HVN,87967,CDL56-21-01X5,"NUMBER MISSING: 61-75 *APPLY PENALTY TAKE-OFF 1,406 ENROUTE 1,406 APPROACH & LANDING 431*",PASSENGER WINDOW SEALS,1406,1406,431,0,KG,0,0,FF,0,0,KT,0,MN,0,0,,,,,,,,,,,,w,,,,,,INSERT
HVN,87967,CDL56-21-01X6,"NUMBER MISSING: 76-90 *APPLY PENALTY TAKE-OFF 1,723 ENROUTE 1,723 APPROACH & LANDING 522*",PASSENGER WINDOW SEALS,1723,1723,522,0,KG,0,0,FF,0,0,KT,0,MN,0,0,,,,,,,,,,,,w,,,,,,INSERT
HVN,87967,CDL56-21-01X7,"NUMBER MISSING: 91-105 *APPLY PENALTY TAKE-OFF 1,973 ENROUTE 1,973 APPROACH & LANDING 590*",PASSENGER WINDOW SEALS. ,1973,1973,590,0,KG,0,0,FF,0,0,KT,0,MN,0,0,,,,,,,,,,,,w,,,,,,INSERT
HVN,87967,CDL56-21-01X8,"NUMBER MISSING: 106-110 *APPLY PENALTY TAKE-OFF 2,087 ENROUTE 2,087 APPROACH & LANDING 635*",PASSENGER WINDOW SEALS. ,2087,2087,635,0,KG,0,0,FF,0,0,KT,0,MN,0,0,,,,,,,,,,,,w,,,,,,INSERT
HVN,87967,CDL57-25-02,"BOTH DOORS MAY BE MISSING. EXTEND LANDING GEAR FOR FIRST 10 MINUTES AFTER TAKE-OFF THEN NORMAL RETRACT. IF ENGINE FAILURE AFTER V1, RETRACT GEAR ONLY WHEN ?1500 FT ABOVE AIRPORT ELEVATION AND TERRAIN CLEARANCE. MANUALLY ENSURE: INCREASE FLIGHT PLANNING FUEL BY 1,315 KG",WING-BODY FAIRING FLAP DOOR.,907,295,0,0,KG,0,0,FF,0,0,KT,0,MN,0,0,,,,,,,,,,,,a,,,,,,INSERT
HVN,87967,CDL57-25-03,"ANY NUMBER MAYBE MISSING. EXTEND LANDING GEAR FOR FIRST 10 MINUTES AFTER TAKE-OFF THEN NORMAL RETRACT. IF ENGINE FAILURE AFTER V1, RETRACT GEAR ONLY WHEN ?1500 FT ABOVE AIRPORT ELEVATION AND TERRAIN CLEARANCE. MANUALLY ENSURE: INCREASE FLIGHT PLANNING FUEL BY 1,315 KG",WING-BODY FAIRING FLAP DOOR SEAL.,907,295,0,0,KG,0,0,FF,0,0,KT,0,MN,0,0,,,,,,,,,,,,a,,,,,,INSERT
HVN,87967,CDL57-31-01X1,"BOTH MUST BE REMOVED. ALL WIRES MUST BE CAPPED AND STOWED AND WINGTIP REAR POSITION LIGHTS MUST BE CONSIDERED INOPERATIVE. FOR OPERATIONS WITH WING TIPS REMOVED, THE FOUR TRAILING TYPE ISCHARGERS (CDL ITEM 23-61-01) ON EACH WING JUST INBOARD OF THE REMOVABLE TIP MAY NOT BE MISSING. THE AIRPLANE MUST BE DISPATCHED USING MEL ITEM 33-43-01.",REMOVABLE WING TIP.,39326,4876,12655,0,KG,0,0,FF,0,0,KT,0,MN,0,0,,,,,,,,,,,,a,,,,,,INSERT
HVN,87967,CDL57-31-01X2,"BOTH MUST BE REMOVED. ALL WIRES MUST BE CAPPED AND STOWED AND WINGTIP REAR POSITION LIGHTS MUST BE CONSIDERED INOPERATIVE. FOR OPERATIONS WITH WING TIPS REMOVED, THE FOUR TRAILING TYPE ISCHARGERS (CDL ITEM 23-61-01) ON EACH WING JUST INBOARD OF THE REMOVABLE TIP MAY NOT BE MISSING. THE AIRPLANE MUST BE DISPATCHED USING MEL ITEM 33-43-01.",REMOVABLE WING TIP.,43091,4717,9774,0,KG,0,0,FF,0,0,KT,0,MN,0,0,,,,,,,,,,,,w,,,,,,INSERT
HVN,87967,CDL57-43-01,"UP TO TWO SEALS ON EACH WING MAY BE MISSING. PROHIBITED LOCATIONS: SLAT 5 & 8 (INBOARD), SLAT 6 & 7 (OUTBOARD). MANUALLY ENSURE: REDUCE PERFORMANCE LIMITED WEIGHTS FOR EACH MISSING SEAL BY: TAKE-OFF: 136XN KG. ENROUTE: 113XN KG. N: NUMBER OF MISSING SEALS",SLAT SPANWISE FLOW SEAL.,0,0,0,0,KG,0,0,FF,0,0,KT,0,MN,0,0,,,,,,,,,,,,a,,,,,,INSERT
HVN,87967,CDL57-43-02,ONE PER WING MAY BE MISSING. SEALS ON SLATS 5 AND 8 MAY NOT BE MISSING. THE TWO MOST OUTBOARD SEALS AND THE MOST OUTBOARD TWO FEET OF THE THIRD MOST OUTBOARD SEAL ON SLATS 6 AND 7 MAY NOT BE MISSING. SEALS MAY NOT BE MISSING IN COMBINATION WITH CDL ITEMS 57-43-03 OR 57-43-04 ON THE SAME SLAT. *REDUCE PERFORMANCE LIMITED WEIGHTS FOR EACH FOOT OF MISSING SEAL BY,SLAT SPANWISE BULB SEAL. ,159,136,0,0,KG,0,0,FF,0,0,KT,0,MN,0,0,,,,,,,,,,,,w,,,,,,INSERT
HVN,87967,CDL57-43-03,"UP TO TWENTY MAY BE MISSING. PANELS ON SLATS 5 AND 8, AND THE OUTBOARD PANEL ON SLATS 6 AND 7 MAY NOT BE MISSING. PANELS MAY NOT BE MISSING IN COMBINATION WITH CDL ITEM 57-43-02 ON THE SAME SLAT. *REDUCE PERFORMANCE LIMITED WEIGHTS FOR ANY NUMBER MISSING",SLAT TRACK FAIRING PANEL . ,68,0,0,0,KG,0,0,FF,0,0,KT,0,MN,0,0,,,,,,,,,,,,w,,,,,,INSERT
HVN,87967,CDL57-43-04,"UP TO SEVEN SEALS PER WING MAY BE MISSING. SEALS MAY NOT BE MISSING IN COMBINATION WITH CDL ITEM 57-43-02 ON THE SAME SLAT. SEALS ON SLATS 5 AND 8 MAY NOT BE MISSING. THE THREE OUTBOARD SEALS ON SLATS 6 AND 7 MAY NOT BE MISSING, AND THE MOST INBOARD SEAL ON SLATS 4 AND 9 MAY NOT BE MISSING. *FOR +3 SEALS MISSING, REDUCE THE PERFORMANCE LIMITED",SLAT SPANWISE LOWER FLEXIBLE SEAL . ,295,249,0,0,KG,0,0,FF,0,0,KT,0,MN,0,0,,,,,,,,,,,,w,,,,,,INSERT
HVN,87967,CDL57-43-05,ANY NUMBER MAY BE MISSING. THE INBOARD SLAT END SEALS ON SLATS 5 AND 8 AND THE OUTBOARD SLAT SEALS ON SLATS 6 AND 7 ARE NOT ALLOWED TO BE MISSING. MANUALLY ENSURE: REDUCE PERFORMANCE LIMITED WEIGHTS FOR EACH MISSING SEAL BY: TAKE-OFF: 295XN KG. ENROUTE: 272XN KG. N: NUMBER OF MISSING SEALS,SLAT END SEALS .,0,0,0,0,KG,0,0,FF,0,0,KT,0,MN,0,0,,,,,,,,,,,,a,,,,,,INSERT
HVN,87967,CDL57-51-21,UP TO SIX SEALS MAY BE MISSING. THE MOST INBOARD SEAL ON EACH WING MAY NOT BE MISSING. THE SIX SEALS ON THE WING INBOARD FIXED TRAILING EDGE MAY NOT BE MISSING. MANUALLY ENSURE: REDUCE PERFORMANCE LIMITED WEIGHTS FOR EACH MISSING SEAL BY: TAKE-OFF: 113XN KG. ENROUTE: 113XN KG. N: NUMBER OF MISSING SEALS. N<6,WING MIDSPAN FIXED TRAILING EDGE FLEX PANEL HINGE SEALS. ,0,0,0,0,KG,0,0,FF,0,0,KT,0,MN,0,0,,,,,,,,,,,,a,,,,,,INSERT
HVN,87967,CDL57-51-22,"UP TO 26 SEALS MAY BE MISSING. THE THREE MOST INBOARD MIDSPAN FLEX PANEL END SEALS MAY NOT BE MISSING *FOR EIGHT OR MORE MISSING SEALS, REDUCE PERFORMANCE LIMITED WEIGHTS.",AUTOMATIC DEPENDENT SURVEILLANCE-BROADCAST (ADS-B) SYSTEM.,159,159,0,0,KG,0,0,FF,0,0,KT,0,MN,0,0,,,,,,,,,,,,w,,,,,,INSERT
HVN,87967,CDL57-51-23,SIX MAY BE MISSING. THE MOST INBOARD MIDSPAN LOWER FLAP SEAL (MIDSPAN IS THE AREA OUTBOARD OF THE FLAPERON TO THE OUTBOARD END OF THE OUTBOARD FLAP) MAY NOT BE MISSING. MANUALLY ENSURE: REDUCE PERFORMANCE LIMITED WEIGHTS FOR EACH MISSING SEAL BY: TAKE-OFF: 771XN KG. ENROUTE: 680XN KG. N: NUMBER OF MISSING SEALS. N<6,WING MIDSPAN FIXED TRAILING EDGE LOWER FLAP SEALS. ,0,0,0,0,KG,0,0,FF,0,0,KT,0,MN,0,0,,,,,,,,,,,,a,,,,,,INSERT
HVN,87967,CDL57-51-24X1,"ONE PER WING MAY BE MISSING. THE TWO MOST INBOARD PANELS ON EACH WING MAY NOT BE MISSING. ON THE MISC SYSTEM CTRLS (MSC) MAINTENANCE PAGE, SET THE OVERSPEED WARNING SWITCH TO GEAR DOWN. LIMIT SPEED TO 270 KIAS, 0.73 MACH. DO NOT APPLY LANDING GEAR EXTENDED PERFORMANCE PENALTIES *1 PANEL MISSING. REDUCE PERFORMANCE LIMITED WEIGHTS",WING MIDSPAN FIXED TRAILING EDGE LOWER REMOVABLE PANELS.,862,771,0,0,KG,0,0,FF,270,0.73,KT,0,MN,0,0,,,,,,,,,,,,w,,,,,,INSERT
HVN,87967,CDL57-51-24X2,"ONE PER WING MAY BE MISSING. THE TWO MOST INBOARD PANELS ON EACH WING MAY NOT BE MISSING. ON THE MISC SYSTEM CTRLS (MSC) MAINTENANCE PAGE, SET THE OVERSPEED WARNING SWITCH TO GEAR DOWN. LIMIT SPEED TO 270 KIAS/0.73 MACH. DO NOT APPLY LANDING GEAR EXTENDED PERFORMANCE PENALTIES *2 PANEL MISSING (1 PER WING). REDUCE PERFORMANCE LIMITED WEIGHTS",WING MIDSPAN FIXED TRAILING EDGE LOWER REMOVABLE PANELS. ,1724,1542,0,0,KG,0,0,FF,270,0.73,KT,0,MN,0,0,,,,,,,,,,,,w,,,,,,INSERT
HVN,87967,CDL57-51-31X1,1 SEAL MISSING *APPLY PENALTY TAKE-OFF 794 ENROUTE 385 APPROACH & LANDING 227*,WING OUTBOARD FIXED TRAILING EDGE AILERON INBOARD END SEALS,794,385,227,0,KG,0,0,FF,0,0,KT,0,MN,0,0,,,,,,,,,,,,w,,,,,,INSERT
HVN,87967,CDL57-51-31X2,"2 SEALS MISSING *APPLY PENALTY TAKE-OFF 1,588 ENROUTE 770 APPROACH & LANDING 454*",WING OUTBOARD FIXED TRAILING EDGE AILERON INBOARD END SEALS. ,1588,770,454,0,KG,0,0,FF,0,0,KT,0,MN,0,0,,,,,,,,,,,,w,,,,,,INSERT
HVN,87967,CDL57-51-31X3,"+3 SEALS MISSING *APPLY PENALTY TAKE-OFF 1,769 ENROUTE 1,769 APPROACH & LANDING 1,769*",WING OUTBOARD FIXED TRAILING EDGE AILERON INBOARD END SEALS. ,1769,1769,1769,0,KG,0,0,FF,0,0,KT,0,MN,0,0,,,,,,,,,,,,w,,,,,,INSERT
HVN,87967,CDL57-51-32X1,1 SEAL MISSING *APPLY PENALTY TAKE-OFF 658 ENROUTE 295 APPROACH & LANDING 204*,WING OUTBOARD FIXED TRAILING EDGE AILERON OUTBOARD END SEALS. ,658,295,204,0,KG,0,0,FF,0,0,KT,0,MN,0,0,,,,,,,,,,,,w,,,,,,INSERT
HVN,87967,CDL57-51-32X2,"+2 SEALS MISSING *APPLY PENALTY TAKE-OFF 1,089 ENROUTE 1,089 APPROACH & LANDING 1,089*",WING OUTBOARD FIXED TRAILING EDGE AILERON OUTBOARD END SEALS. ,1089,1089,1089,0,KG,0,0,FF,0,0,KT,0,MN,0,0,,,,,,,,,,,,w,,,,,,INSERT
HVN,87967,CDL57-51-33X1,1 SEAL MISSING *APPLY PENALTY TAKE-OFF 386 ENROUTE 181 APPROACH & LANDING 136*,WING OUTBOARD FIXED TRAILING EDGE LOWER AILERON SPANWISE SEALS. ,386,181,136,0,KG,0,0,FF,0,0,KT,0,MN,0,0,,,,,,,,,,,,w,,,,,,INSERT
HVN,87967,CDL57-51-33X2,2 SEAL MISSING (1 PER WING) *APPLY PENALTY TAKE-OFF 772 ENROUTE 362 APPROACH & LANDING 272*,WING OUTBOARD FIXED TRAILING EDGE LOWER AILERON SPANWISE SEALS. ,772,362,272,0,KG,0,0,FF,0,0,KT,0,MN,0,0,,,,,,,,,,,,w,,,,,,INSERT
HVN,87967,CDL57-51-34X1,1 PANEL MISSING *APPLY PENALTY TAKE-OFF 386 ENROUTE 181 APPROACH & LANDING 136*,WING OUTBOARD FIXED TRAILING EDGE AILERON LOWER LUBRICATION PANELS. ,386,181,136,0,KG,0,0,FF,0,0,KT,0,MN,0,0,,,,,,,,,,,,w,,,,,,INSERT
HVN,87967,CDL57-51-34X2,2 PANELS MISSING *APPLY PENALTY TAKE-OFF 772 ENROUTE 362 APPROACH & LANDING 272*,WING OUTBOARD FIXED TRAILING EDGE AILERON LOWER LUBRICATION PANELS. ,772,362,272,0,KG,0,0,FF,0,0,KT,0,MN,0,0,,,,,,,,,,,,w,,,,,,INSERT
HVN,87967,CDL57-51-34X3,"3 PANELS MISSING *APPLY PENALTY TAKE-OFF 1,158 ENROUTE 543 APPROACH & LANDING 408*",WING OUTBOARD FIXED TRAILING EDGE AILERON LOWER LUBRICATION PANELS. ,1158,543,408,0,KG,0,0,FF,0,0,KT,0,MN,0,0,,,,,,,,,,,,w,,,,,,INSERT
HVN,87967,CDL57-51-34X4,"4 PANELS MISSING *APPLY PENALTY TAKE-OFF 1,544 ENROUTE 724 APPROACH & LANDING 544*",WING OUTBOARD FIXED TRAILING EDGE AILERON LOWER LUBRICATION PANELS. ,1544,724,544,0,KG,0,0,FF,0,0,KT,0,MN,0,0,,,,,,,,,,,,w,,,,,,INSERT
HVN,87967,CDL57-51-35X1,01 AFFECTED AILERON *APPLY PENALTY TAKE-OFF 408 ENROUTE 181 APPROACH & LANDING 136*,WING OUTBOARD FIXED TRAILING EDGE AILERON BLISTER FAIRING SEALS. ,408,181,136,0,KG,0,0,FF,0,0,KT,0,MN,0,0,,,,,,,,,,,,w,,,,,,INSERT
HVN,87967,CDL57-51-35X2,02 AFFECTED AILERON *APPLY PENALTY TAKE-OFF 816 ENROUTE 362 APPROACH & LANDING 272*,WING OUTBOARD FIXED TRAILING EDGE AILERON BLISTER FAIRING SEALS. ,816,362,272,0,KG,0,0,FF,0,0,KT,0,MN,0,0,,,,,,,,,,,,w,,,,,,INSERT
HVN,87967,CDL57-53-02X1,ANY NUMBER MAY BE MISSING. 01 AFFECTED WING *APPLY PENALTY TAKE-OFF 113 ENROUTE 91 APPROACH & LANDING -*,INBOARD FLAP LOWER SEAL AT SIDE OF BODY.,113,91,0,0,KG,0,0,FF,0,0,KT,0,MN,0,0,,,,,,,,,,,,w,,,,,,INSERT
HVN,87967,CDL57-53-02X2,ANY NUMBER MAY BE MISSING. 02 AFFECTED WING *APPLY PENALTY TAKE-OFF 226 ENROUTE 182 APPROACH & LANDING -*,INBOARD FLAP LOWER SEAL AT SIDE OF BODY. ,226,182,0,0,KG,0,0,FF,0,0,KT,0,MN,0,0,,,,,,,,,,,,w,,,,,,INSERT
HVN,87967,CDL57-53-11X1,"FOUR PER WING MAY BE MISSING. MANUALY ENSURE: PENALTIES APPLIED: TO 272XL KG, ENR 249XL KG, LDG = 23XL KG,  L-TOTAL LENGTH OF SEAL MISSING (FT). L<2.75","OUTBOARD FLAP SUPPORT NUMBER 1, 2, 7 AND 8 AFT FAIRING SEALS.",0,0,0,0,KG,0,0,FF,0,0,KT,0,MN,0,0,,,,,,,,,,,,a,,,,,,INSERT
HVN,87967,CDL57-53-11X2,"FOUR PER WING MAY BE MISSING. MANUALY ENSURE: LDG = 23XL KG,  L-TOTAL LENGTH OF SEAL MISSING (FT). L>2.75*PENALTIES APPLIED: TO 748 KG, ENR 748 KG* ","OUTBOARD FLAP SUPPORT NUMBER 1, 2, 7 AND 8 AFT FAIRING SEALS.",748,748,0,0,KG,0,0,FF,0,0,KT,0,MN,0,0,,,,,,,,,,,,a,,,,,,INSERT
HVN,87967,CDL57-53-12X1,"ONE MAY BE MISSING. *REDUCE PERFORMANCE LIMITED WEIGHTS TAKE-OFF 1,996 ENROUTE 1,111 APPROACH & LANDING 590*","OUTBOARD FLAP SUPPORT NUMBER 1, 2, 7 AND 8 AFT FAIRING.",1996,1111,590,0,KG,0,0,FF,0,0,KT,0,MN,0,0,,,,,,,,,,,,w,,,,,,INSERT
HVN,87967,CDL57-53-13X1,ANY NUMBER MAY BE MISSING. 1 AFFECTED FAIRING. *APPLY PENALTY TAKE-OFF 748 ENROUTE 657 APPROACH & LANDING 23*,OUTBOARD FLAP SUPPORT NUMBER 2 AND 7 AFT FAIRING DOORS. ,748,657,23,0,KG,0,0,FF,0,0,KT,0,MN,0,0,,,,,,,,,,,,w,,,,,,INSERT
HVN,87967,CDL57-53-13X2,"ANY NUMBER MAY BE MISSING. 2 AFFECTED FAIRING *APPLY PENALTY TAKE-OFF 1,496 ENROUTE 1,314 APPROACH & LANDING 46*",OUTBOARD FLAP SUPPORT NUMBER 2 AND 7 AFT FAIRING DOORS. ,1496,1314,46,0,KG,0,0,FF,0,0,KT,0,MN,0,0,,,,,,,,,,,,w,,,,,,INSERT
HVN,87967,CDL57-53-13X3,"ANY NUMBER MAY BE MISSING. 3 AFFECTED FAIRING *APPLY PENALTY TAKE-OFF 2,244 ENROUTE 1,971 APPROACH & LANDING 69*",OUTBOARD FLAP SUPPORT NUMBER 2 AND 7 AFT FAIRING DOORS. ,2244,1971,69,0,KG,0,0,FF,0,0,KT,0,MN,0,0,,,,,,,,,,,,w,,,,,,INSERT
HVN,87967,CDL57-53-13X4,"ANY NUMBER MAY BE MISSING. 4 AFFECTED FAIRING *APPLY PENALTY TAKE-OFF 2,992 ENROUTE 2,628 APPROACH & LANDING 92*",OUTBOARD FLAP SUPPORT NUMBER 2 AND 7 AFT FAIRING DOORS. ,2992,2628,92,0,KG,0,0,FF,0,0,KT,0,MN,0,0,,,,,,,,,,,,w,,,,,,INSERT
HVN,87967,CDL57-53-14X1,ANY NUMBER MAY BE MISSING. 01 AFFECTED WING *APPLY PENALTY TAKE-OFF 318 ENROUTE 318 APPROACH & LANDING -*,OUTBOARD FLAP OUTBOARD END SEAL. ,318,318,0,0,KG,0,0,FF,0,0,KT,0,MN,0,0,,,,,,,,,,,,w,,,,,,INSERT
HVN,87967,CDL57-53-14X2,ANY NUMBER MAY BE MISSING. 02 AFFECTED WING *APPLY PENALTY TAKE-OFF 636 ENROUTE 636 APPROACH & LANDING -*,OUTBOARD FLAP OUTBOARD END SEAL. ,636,636,0,0,KG,0,0,FF,0,0,KT,0,MN,0,0,,,,,,,,,,,,w,,,,,,INSERT
HVN,87967,CDL57-60-01X1,ANY NUMBER MAY BE MISSING. 1 AFFECTED FAIRING *APPLY PENALTY TAKE-OFF 476 ENROUTE 204 APPROACH & LANDING 159*,AILERON INBOARD FORWARD BLISTER FAIRING. ,476,204,159,0,KG,0,0,FF,0,0,KT,0,MN,0,0,,,,,,,,,,,,w,,,,,,INSERT
HVN,87967,CDL57-60-01X2,ANY NUMBER MAY BE MISSING. 2 AFFECTED FAIRING *APPLY PENALTY TAKE-OFF 952 ENROUTE 408 APPROACH & LANDING 318*,AILERON INBOARD FORWARD BLISTER FAIRING. ,952,408,318,0,KG,0,0,FF,0,0,KT,0,MN,0,0,,,,,,,,,,,,w,,,,,,INSERT
HVN,87967,CDL57-60-02X1,ANY NUMBER MAY BE MISSING. 1 AFFECTED FAIRING *APPLY PENALTY TAKE-OFF 136 ENROUTE 68 APPROACH & LANDING -*,AILERON INBOARD AFT BLISTER FAIRING. *,136,68,0,0,KG,0,0,FF,0,0,KT,0,MN,0,0,,,,,,,,,,,,w,,,,,,INSERT
HVN,87967,CDL57-60-02X2,ANY NUMBER MAY BE MISSING. 2 AFFECTED FAIRING *APPLY PENALTY TAKE-OFF 272 ENROUTE 136 APPROACH & LANDING -*,AILERON INBOARD AFT BLISTER FAIRING. ,272,136,0,0,KG,0,0,FF,0,0,KT,0,MN,0,0,,,,,,,,,,,,w,,,,,,INSERT
HVN,87967,CDL57-60-03X1,ANY NUMBER MAY BE MISSING. 1 AFFECTED FAIRING *APPLY PENALTY TAKE-OFF 567 ENROUTE 249 APPROACH & LANDING 181*,AILERON OUTBOARD FORWARD BLISTER FAIRING. ,567,249,181,0,KG,0,0,FF,0,0,KT,0,MN,0,0,,,,,,,,,,,,w,,,,,,INSERT
HVN,87967,CDL57-60-03X2,"ANY NUMBER MAY BE MISSING. 2 AFFECTED FAIRING *APPLY PENALTY TAKE-OFF 1,134 ENROUTE 498 APPROACH & LANDING 362*",AILERON OUTBOARD FORWARD BLISTER FAIRING. ,1134,498,362,0,KG,0,0,FF,0,0,KT,0,MN,0,0,,,,,,,,,,,,w,,,,,,INSERT
HVN,87967,CDL57-60-04X1,ANY NUMBER MAY BE MISSING. 1 AFFECTED FAIRING *APPLY PENALTY TAKE-OFF 249 ENROUTE 113 APPROACH & LANDING 91*,AILERON OUTBOARD AFT BLISTER FAIRING. ,249,113,91,0,KG,0,0,FF,0,0,KT,0,MN,0,0,,,,,,,,,,,,w,,,,,,INSERT
HVN,87967,CDL57-60-04X2,ANY NUMBER MAY BE MISSING. 2 AFFECTED FAIRING *APPLY PENALTY TAKE-OFF 498 ENROUTE 226 APPROACH & LANDING 182*,AILERON OUTBOARD AFT BLISTER FAIRING. ,498,226,182,0,KG,0,0,FF,0,0,KT,0,MN,0,0,,,,,,,,,,,,w,,,,,,INSERT
HVN,87967,CDL78-31-01,UP TO THIRTEEN MAY BE MISSING. TWELVE MAY BE MISSING FROM ONE ENGINE AND ONE MAY BE MISSING FROM THE OTHER ENGINE MANUALLY ENSURE: REFER TO MEL FOR PERFORMANCE PENALTY,THRUST REVERSER BLOCKER DOORS. ,0,0,0,0,KG,0,0,FF,0,0,KT,0,MN,0,0,,,,,,,,,,,,a,,,,,,INSERT
HVN,87967,CDL78-31-02X1,ANY NUMBER MAY BE MISSING. WEDGE FAIRING MISSING: 1 *APPLY PENALTY TAKE-OFF 249 ENROUTE 113 APPROACH & LANDING 136*,THRUST REVERSER BLOCKER DOOR WEDGE FAIRING. ,249,113,136,0,KG,0,0,FF,0,0,KT,0,MN,0,0,,,,,,,,,,,,w,,,,,,INSERT
HVN,87967,CDL78-31-02X2,ANY NUMBER MAY BE MISSING. WEDGE FAIRING MISSING: 2 *APPLY PENALTY TAKE-OFF 498 ENROUTE 226 APPROACH & LANDING 272*,THRUST REVERSER BLOCKER DOOR WEDGE FAIRING. ,498,226,272,0,KG,0,0,FF,0,0,KT,0,MN,0,0,,,,,,,,,,,,w,,,,,,INSERT
HVN,87967,CDL78-31-02X3,ANY NUMBER MAY BE MISSING. WEDGE FAIRING MISSING: 3 *APPLY PENALTY TAKE-OFF 747 ENROUTE 339 APPROACH & LANDING 408*,THRUST REVERSER BLOCKER DOOR WEDGE FAIRING. ,747,339,408,0,KG,0,0,FF,0,0,KT,0,MN,0,0,,,,,,,,,,,,w,,,,,,INSERT
HVN,87967,CDL78-31-02X4,ANY NUMBER MAY BE MISSING. WEDGE FAIRING MISSING: 4 *APPLY PENALTY TAKE-OFF 996 ENROUTE 452 APPROACH & LANDING 544*,THRUST REVERSER BLOCKER DOOR WEDGE FAIRING. ,996,452,544,0,KG,0,0,FF,0,0,KT,0,MN,0,0,,,,,,,,,,,,w,,,,,,INSERT
HVN,87967,CDL78-31-02X5,"ANY NUMBER MAY BE MISSING. WEDGE FAIRING MISSING: 5 *APPLY PENALTY TAKE-OFF 1,245 ENROUTE 565 APPROACH & LANDING 680*",THRUST REVERSER BLOCKER DOOR WEDGE FAIRING. ,1245,565,680,0,KG,0,0,FF,0,0,KT,0,MN,0,0,,,,,,,,,,,,w,,,,,,INSERT
HVN,87967,CDL78-31-02X6,"ANY NUMBER MAY BE MISSING. WEDGE FAIRING MISSING: 6 *APPLY PENALTY TAKE-OFF 1,494 ENROUTE 678 APPROACH & LANDING 816*",THRUST REVERSER BLOCKER DOOR WEDGE FAIRING. ,1494,678,816,0,KG,0,0,FF,0,0,KT,0,MN,0,0,,,,,,,,,,,,w,,,,,,INSERT
HVN,87967,CDL78-31-02X7,"ANY NUMBER MAY BE MISSING. WEDGE FAIRING MISSING: 7 *APPLY PENALTY TAKE-OFF 1,743 ENROUTE 791 APPROACH & LANDING 952*",THRUST REVERSER BLOCKER DOOR WEDGE FAIRING. ,1743,791,952,0,KG,0,0,FF,0,0,KT,0,MN,0,0,,,,,,,,,,,,w,,,,,,INSERT
HVN,87967,CDL78-31-02X8,"ANY NUMBER MAY BE MISSING. WEDGE FAIRING MISSING: 8 *APPLY PENALTY TAKE-OFF 1,992 ENROUTE 904 APPROACH & LANDING 1,088*",THRUST REVERSER BLOCKER DOOR WEDGE FAIRING,1992,904,1088,0,KG,0,0,FF,0,0,KT,0,MN,0,0,,,,,,,,,,,,w,,,,,,INSERT
HVN,87967,CDL78-31-02X9,"ANY NUMBER MAY BE MISSING. WEDGE FAIRING MISSING: 9 *APPLY PENALTY TAKE-OFF 2,241 ENROUTE 1,017 APPROACH & LANDING 1,224*",THRUST REVERSER BLOCKER DOOR WEDGE FAIRING.,2241,1017,1224,0,KG,0,0,FF,0,0,KT,0,MN,0,0,,,,,,,,,,,,w,,,,,,INSERT
HVN,87967,CDL78-31-02X10,"ANY NUMBER MAY BE MISSING. WEDGE FAIRING MISSING: 10 *APPLY PENALTY TAKE-OFF 2,490 ENROUTE 1,130 APPROACH & LANDING 1,360*",THRUST REVERSER BLOCKER DOOR WEDGE FAIRING. ,2490,1130,1360,0,KG,0,0,FF,0,0,KT,0,MN,0,0,,,,,,,,,,,,w,,,,,,INSERT
HVN,87967,CDL78-31-02X11,"ANY NUMBER MAY BE MISSING. WEDGE FAIRING MISSING: 11 *APPLY PENALTY TAKE-OFF 2,739 ENROUTE 1,243 APPROACH & LANDING 1,496*",THRUST REVERSER BLOCKER DOOR WEDGE FAIRING. ,2739,1243,1496,0,KG,0,0,FF,0,0,KT,0,MN,0,0,,,,,,,,,,,,w,,,,,,INSERT
HVN,87967,CDL78-31-02X12,"ANY NUMBER MAY BE MISSING. WEDGE FAIRING MISSING: 12 *APPLY PENALTY TAKE-OFF 2,988 ENROUTE 1,356 APPROACH & LANDING 1,632*",THRUST REVERSER BLOCKER DOOR WEDGE FAIRING. ,2988,1356,1632,0,KG,0,0,FF,0,0,KT,0,MN,0,0,,,,,,,,,,,,w,,,,,,INSERT
HVN,87967,CDL78-31-02X13,"ANY NUMBER MAY BE MISSING. WEDGE FAIRING MISSING: 13 *APPLY PENALTY TAKE-OFF 3,237 ENROUTE 1,469 APPROACH & LANDING 1,768*",THRUST REVERSER BLOCKER DOOR WEDGE FAIRING. ,3237,1469,1768,0,KG,0,0,FF,0,0,KT,0,MN,0,0,,,,,,,,,,,,w,,,,,,INSERT
HVN,87967,CDL78-31-02X14,"ANY NUMBER MAY BE MISSING. WEDGE FAIRING MISSING: 14 *APPLY PENALTY TAKE-OFF 3,486 ENROUTE 1,582 APPROACH & LANDING 1,904*",THRUST REVERSER BLOCKER DOOR WEDGE FAIRING. ,3486,1582,1904,0,KG,0,0,FF,0,0,KT,0,MN,0,0,,,,,,,,,,,,w,,,,,,INSERT
HVN,87967,CDL78-31-02X15,"ANY NUMBER MAY BE MISSING. WEDGE FAIRING MISSING: 15 *APPLY PENALTY TAKE-OFF 3,735 ENROUTE 1,695 APPROACH & LANDING 2,040*",THRUST REVERSER BLOCKER DOOR WEDGE FAIRING. ,3735,1695,2040,0,KG,0,0,FF,0,0,KT,0,MN,0,0,,,,,,,,,,,,w,,,,,,INSERT
HVN,87967,CDL78-31-02X16,"ANY NUMBER MAY BE MISSING. WEDGE FAIRING MISSING: 16 *APPLY PENALTY TAKE-OFF 3,984 ENROUTE 1,808 APPROACH & LANDING 2,176*",THRUST REVERSER BLOCKER DOOR WEDGE FAIRING.,3984,1808,2176,0,KG,0,0,FF,0,0,KT,0,MN,0,0,,,,,,,,,,,,w,,,,,,INSERT
HVN,87967,CDL78-31-02X17,"ANY NUMBER MAY BE MISSING. WEDGE FAIRING MISSING: 17 *APPLY PENALTY TAKE-OFF 4,233 ENROUTE 1,921 APPROACH & LANDING 2,312*",THRUST REVERSER BLOCKER DOOR WEDGE FAIRING,4233,1921,2312,0,KG,0,0,FF,0,0,KT,0,MN,0,0,,,,,,,,,,,,w,,,,,,INSERT
HVN,87967,CDL78-31-02X18,"ANY NUMBER MAY BE MISSING. WEDGE FAIRING MISSING: 18 *APPLY PENALTY TAKE-OFF 4,482 ENROUTE 2,034 APPROACH & LANDING 2,448*",THRUST REVERSER BLOCKER DOOR WEDGE FAIRING. ,4482,2034,2448,0,KG,0,0,FF,0,0,KT,0,MN,0,0,,,,,,,,,,,,w,,,,,,INSERT
HVN,87967,CDL78-31-02X19,"ANY NUMBER MAY BE MISSING. WEDGE FAIRING MISSING: 19 *APPLY PENALTY TAKE-OFF 4,731 ENROUTE 2,147 APPROACH & LANDING 2,584*",THRUST REVERSER BLOCKER DOOR WEDGE FAIRING. ,4731,2147,2584,0,KG,0,0,FF,0,0,KT,0,MN,0,0,,,,,,,,,,,,w,,,,,,INSERT
HVN,87967,CDL78-31-02X20,"ANY NUMBER MAY BE MISSING. WEDGE FAIRING MISSING: 20 *APPLY PENALTY TAKE-OFF 4,980 ENROUTE 2,260 APPROACH & LANDING 2,720",THRUST REVERSER BLOCKER DOOR WEDGE FAIRING. ,4980,2260,2720,0,KG,0,0,FF,0,0,KT,0,MN,0,0,,,,,,,,,,,,w,,,,,,INSERT
HVN,87967,CDL78-31-04X1,UP TO THIRTEEN MAY BE MISSING. TWELVE MAY BE MISSING FROM ONE ENGINE AND ONE MAY BE MISSING FROM THE OTHER ENGINE MANUALLY ENSURE: REFER TO MEL FOR PERFORMANCE PENALTY,THRUST REVERSER BLOCKER DOOR HINGE COVERS. ,0,0,0,0,KG,0,0,FF,0,0,KT,0,MN,0,0,,,,,,,,,,,,a,,,,,,INSERT
